player_id,player_name,team_name,team_code,pa,woba,woba_pr,ba,ba_pr,obp,obp_pr,slg,slg_pr,iso,iso_pr,_meta,barrel_pct,barrel_pct_pr,barrels,barrels_pr,bb_pct,bb_pct_pr,chase_pct,chase_pct_pr,exit_velo_avg,exit_velo_avg_pr,exit_velo_max,exit_velo_max_pr,hard_hit_pct,hard_hit_pct_pr,k_pct,k_pct_pr,whiff_pct,whiff_pct_pr
0000007302,宋柏翰,台鋼雄鷹二軍,AKP022,61,0.44650819672131165,82,0.30434782608695654,69,0.45901639344262296,85,0.5,82,0.19565217391304346,84,"{""year"": 2026, ""searchType"": ""batter"", ""gameKind"": ""D""}",0.10526315789473684,97,4,99,0.22950819672131148,94,0.09302325581395349,77,150.48285174489598,99,171.48384304128,96,0.6,98,0.14754098360655737,46,0.17142857142857143,58
0000005569,曾頌恩,中信兄弟二軍,ACN022,29,0.673448275862069,98,0.5,98,0.5517241379310345,97,0.9230769230769231,99,0.42307692307692313,96,"{""year"": 2026, ""searchType"": ""batter"", ""gameKind"": ""D""}",0.19047619047619047,99,4,99,0.10344827586206896,59,0.16666666666666666,66,147.6771471648,94,175.25677302144,99,0.5714285714285714,97,0.1724137931034483,37,0.20930232558139536,37
0000007312,張趙紘,樂天桃猿二軍,AJL022,39,0.44953846153846155,84,0.25806451612903225,50,0.38461538461538464,68,0.5806451612903226,88,0.32258064516129037,94,"{""year"": 2026, ""searchType"": ""batter"", ""gameKind"": ""D""}",0.2,99,4,99,0.15384615384615385,81,0.06666666666666667,80,147.92840733792,94,171.5596109568,97,0.4166666666666667,89,0.3076923076923077,7,0.4,2
0000001119,許基宏,中信兄弟二軍,ACN022,27,0.4911481481481481,92,0.25,47,0.4444444444444444,82,0.6,89,0.35,95,"{""year"": 2026, ""searchType"": ""batter"", ""gameKind"": ""D""}",0.26666666666666666,99,4,99,0.2222222222222222,93,0.18055555555555555,64,144.96969357235199,87,171.47177296128,96,0.4666666666666667,93,0.18518518518518517,30,0.2702702702702703,10
0000006736,王苡丞,富邦悍將二軍,AEO022,45,0.3647727272727273,61,0.2702702702702703,58,0.3409090909090909,47,0.4594594594594595,75,0.1891891891891892,81,"{""year"": 2026, ""searchType"": ""batter"", ""gameKind"": ""D""}",0.0967741935483871,94,3,97,0.08888888888888889,50,0.2830188679245283,33,145.52220962048,90,168.02745493248,89,0.3333333333333333,78,0.2,25,0.1728395061728395,57
0000006726,李展毅,味全龍二軍,AAA022,29,0.6001724137931034,97,0.36,86,0.4482758620689655,83,0.88,98,0.52,98,"{""year"": 2026, ""searchType"": ""batter"", ""gameKind"": ""D""}",0.15,98,3,97,0.10344827586206896,59,0.16,69,146.160419302656,91,166.03305928704,85,0.5,95,0.1724137931034483,37,0.1956521739130435,46
0000000132,梁家榮,樂天桃猿二軍,AJL022,47,0.3215106382978723,43,0.24444444444444444,45,0.2765957446808511,21,0.4222222222222222,68,0.17777777777777778,80,"{""year"": 2026, ""searchType"": ""batter"", ""gameKind"": ""D""}",0.047619047619047616,90,2,95,0.0425531914893617,26,0.265625,37,134.2933710176753,51,162.2812599936,70,0.29411764705882354,71,0.06382978723404255,85,0.0945945945945946,84
0000005296,董秉軒,台鋼雄鷹二軍,AKP022,44,0.3889772727272728,73,0.34146341463414637,82,0.38636363636363635,69,0.4634146341463415,77,0.12195121951219512,68,"{""year"": 2026, ""searchType"": ""batter"", ""gameKind"": ""D""}",0.05714285714285714,91,2,95,0.045454545454545456,28,0.42105263157894735,8,145.6979714432,90,159.98821838208,60,0.3333333333333333,78,0.13636363636363635,50,0.2413793103448276,21
0000007629,顏采丞,台鋼雄鷹二軍,AKP022,35,0.4472571428571428,83,0.34285714285714286,82,0.34285714285714286,49,0.6285714285714286,91,0.2857142857142857,92,"{""year"": 2026, ""searchType"": ""batter"", ""gameKind"": ""D""}",0.058823529411764705,92,2,95,0,10,0.2,61,133.90481573568002,49,168.37433293824,90,0.3,73,0.02857142857142857,89,0.058823529411764705,92
0000004642,林靖凱,統一7-ELEVEn獅二軍,ADD022,38,0.3149736842105263,41,0.2222222222222222,35,0.2631578947368421,19,0.4166666666666667,65,0.19444444444444448,83,"{""year"": 2026, ""searchType"": ""batter"", ""gameKind"": ""D""}",0.06060606060606061,92,2,95,0.02631578947368421,22,0.4375,7,121.24043517167999,24,161.72622943488,67,0.125,44,0.07894736842105263,76,0.1388888888888889,72
0000007304,曾聖安,味全龍二軍,AAA022,32,0.5304375,96,0.34615384615384615,83,0.46875,87,0.6923076923076923,95,0.34615384615384615,94,"{""year"": 2026, ""searchType"": ""batter"", ""gameKind"": ""D""}",0.09523809523809523,94,2,95,0.1875,89,0.21052631578947367,58,139.13948873088003,73,166.94018212608,88,0.4,87,0.15625,44,0.18604651162790697,51
0000000153,林承飛,樂天桃猿二軍,AJL022,30,0.5275,95,0.4230769230769231,94,0.5,93,0.6538461538461539,92,0.23076923076923078,87,"{""year"": 2026, ""searchType"": ""batter"", ""gameKind"": ""D""}",0.1,96,2,95,0.1,56,0.225,54,141.90121601920004,82,170.37888354432,94,0.3888888888888889,85,0.2,25,0.18518518518518517,51
0000007605,*王翾祐,統一7-ELEVEn獅二軍,ADD022,109,0.3763853211009176,68,0.2765957446808511,60,0.3761467889908257,65,0.425531914893617,70,0.14893617021276595,73,"{""year"": 2026, ""searchType"": ""batter"", ""gameKind"": ""D""}",0.011904761904761904,77,1,85,0.11926605504587157,66,0.15555555555555556,72,134.339871308544,52,164.482198848,79,0.3,73,0.09174311926605505,72,0.14906832298136646,66
0000007085,張士綸,中信兄弟二軍,ACN022,88,0.3358636363636365,49,0.26582278481012656,55,0.3409090909090909,47,0.3670886075949367,55,0.10126582278481017,61,"{""year"": 2026, ""searchType"": ""batter"", ""gameKind"": ""D""}",0.014084507042253521,78,1,85,0.09090909090909091,51,0.2714285714285714,35,130.00038875453794,40,161.12093906304,64,0.08620689655172414,38,0.10227272727272728,66,0.11464968152866242,80
0000007291,*全紹凱,統一7-ELEVEn獅二軍,ADD022,70,0.34882857142857154,56,0.2459016393442623,45,0.34285714285714286,49,0.39344262295081966,60,0.14754098360655737,72,"{""year"": 2026, ""searchType"": ""batter"", ""gameKind"": ""D""}",0.018867924528301886,79,1,85,0.12857142857142856,71,0.15,72,139.08110741059764,73,164.89493121024,81,0.4117647058823529,88,0.11428571428571428,61,0.11224489795918367,81
0000005567,林瑞鈞,中信兄弟二軍,ACN022,66,0.3808750000000001,68,0.2549019607843137,49,0.40625,75,0.37254901960784315,56,0.11764705882352944,66,"{""year"": 2026, ""searchType"": ""batter"", ""gameKind"": ""D""}",0.02040816326530612,79,1,85,0.19696969696969696,91,0.14516129032258066,73,130.02944206912,41,165.2694899328,83,0.2777777777777778,70,0.06060606060606061,85,0.11827956989247312,79
0000006936,高聖恩,台鋼雄鷹二軍,AKP022,65,0.39856250000000015,76,0.3275862068965517,75,0.375,63,0.5,82,0.1724137931034483,77,"{""year"": 2026, ""searchType"": ""batter"", ""gameKind"": ""D""}",0.020833333333333332,80,1,85,0.07692307692307693,45,0.24390243902439024,45,127.76600255232002,34,172.9436467968,99,0.3333333333333333,78,0.18461538461538463,30,0.22123893805309736,30
0000007009,*陳維祥,統一7-ELEVEn獅二軍,ADD022,79,0.3221392405063292,44,0.265625,55,0.35443037974683544,55,0.328125,42,0.0625,49,"{""year"": 2026, ""searchType"": ""batter"", ""gameKind"": ""D""}",0.020833333333333332,80,1,85,0.13924050632911392,75,0.3023255813953488,27,140.588469648,80,169.26409095552,93,0.4166666666666667,89,0.26582278481012656,13,0.34838709677419355,4
0000006858,陳佳樂,樂天桃猿二軍,AJL022,59,0.3823898305084747,69,0.30612244897959184,70,0.4067796610169492,76,0.40816326530612246,63,0.10204081632653061,61,"{""year"": 2026, ""searchType"": ""batter"", ""gameKind"": ""D""}",0.021739130434782608,81,1,85,0.0847457627118644,49,0.26666666666666666,36,134.9918939306666,55,164.71334892672,80,0.18518518518518517,55,0.06779661016949153,83,0.14606741573033707,67
0000005546,拿莫．伊漾,味全龍二軍,AAA022,73,0.3317123287671233,46,0.21052631578947367,30,0.3561643835616438,56,0.3157894736842105,41,0.10526315789473684,62,"{""year"": 2026, ""searchType"": ""batter"", ""gameKind"": ""D""}",0.021739130434782608,81,1,85,0.1780821917808219,87,0.1262135922330097,74,135.6800683064981,58,163.87090562304,77,0.16129032258064516,50,0.1780821917808219,33,0.27692307692307694,10
0000007310,*許子謙,味全龍二軍,AAA022,53,0.28500000000000003,29,0.1956521739130435,26,0.2830188679245283,23,0.30434782608695654,39,0.10869565217391305,64,"{""year"": 2026, ""searchType"": ""batter"", ""gameKind"": ""D""}",0.024390243902439025,82,1,85,0.05660377358490566,36,0.2727272727272727,35,124.66828070249142,30,169.13373409152,92,0.25,66,0.11320754716981132,61,0.17073170731707318,59
0000006879,冉皓燐,味全龍二軍,AAA022,48,0.3950000000000001,75,0.3404255319148936,81,0.3541666666666667,55,0.5106382978723404,85,0.17021276595744678,77,"{""year"": 2026, ""searchType"": ""batter"", ""gameKind"": ""D""}",0.02564102564102564,83,1,85,0.020833333333333332,21,0.3380281690140845,15,135.194810095488,56,162.96709803264,73,0.2,58,0.16666666666666666,39,0.2111111111111111,36
0000007086,楊祥禾,中信兄弟二軍,ACN022,62,0.3967868852459018,75,0.32,73,0.4262295081967213,79,0.42,67,0.09999999999999998,59,"{""year"": 2026, ""searchType"": ""batter"", ""gameKind"": ""D""}",0.02564102564102564,83,1,85,0.12903225806451613,72,0.23275862068965517,51,129.73793158247224,38,163.21944317184,74,0.16129032258064516,50,0.20967741935483872,23,0.18181818181818182,53
0000006843,潘磊,統一7-ELEVEn獅二軍,ADD022,48,0.49677083333333355,92,0.42857142857142855,95,0.4583333333333333,85,0.6666666666666666,94,0.23809523809523808,89,"{""year"": 2026, ""searchType"": ""batter"", ""gameKind"": ""D""}",0.027777777777777776,84,1,85,0.08333333333333333,48,0.4117647058823529,10,138.81420812160002,71,165.42614347776,83,0.3333333333333333,78,0.16666666666666666,39,0.21505376344086022,35
0000007587,◎潘信安,味全龍二軍,AAA022,49,0.2919387755102041,30,0.23076923076923078,38,0.32653061224489793,38,0.28205128205128205,35,0.051282051282051266,42,"{""year"": 2026, ""searchType"": ""batter"", ""gameKind"": ""D""}",0.02857142857142857,85,1,85,0.14285714285714285,77,0.3220338983050847,23,136.18619399232,62,171.24971567616,94,0.13636363636363635,46,0.14285714285714285,47,0.2077922077922078,38
0000006853,林禹叡,樂天桃猿二軍,AJL022,53,0.22898039215686275,13,0.19148936170212766,24,0.2549019607843137,16,0.2127659574468085,21,0.021276595744680854,30,"{""year"": 2026, ""searchType"": ""batter"", ""gameKind"": ""D""}",0.029411764705882353,85,1,85,0.05660377358490566,36,0.23404255319148937,50,139.88925987620573,77,165.11608726272,82,0.23809523809523808,63,0.2830188679245283,10,0.23404255319148937,23
0000005538,黃柏豪,味全龍二軍,AAA022,43,0.3042093023255814,35,0.21621621621621623,32,0.3023255813953488,30,0.35135135135135137,48,0.13513513513513514,71,"{""year"": 2026, ""searchType"": ""batter"", ""gameKind"": ""D""}",0.029411764705882353,85,1,85,0.11627906976744186,65,0.25,41,142.24059721121685,83,162.74766397824,72,0.3684210526315789,83,0.09302325581395349,70,0.25675675675675674,15
0000007284,徐紹予,中信兄弟二軍,ACN022,66,0.24751515151515155,21,0.14814814814814814,15,0.30303030303030304,31,0.14814814814814814,13,0,15,"{""year"": 2026, ""searchType"": ""batter"", ""gameKind"": ""D""}",0.03125,86,1,85,0.16666666666666666,84,0.19491525423728814,63,142.88061509333335,84,168.27862525056,90,0.2962962962962963,72,0.3333333333333333,5,0.3564356435643564,3
0000005336,童堉誠,富邦悍將二軍,AEO022,36,0.45066666666666666,85,0.34375,83,0.3611111111111111,59,0.65625,93,0.3125,93,"{""year"": 2026, ""searchType"": ""batter"", ""gameKind"": ""D""}",0.034482758620689655,87,1,85,0.05555555555555555,34,0.3142857142857143,25,141.25046626152,80,171.8904920832,97,0.375,84,0.1111111111111111,63,0.15714285714285714,62
0000001754,林書逸,富邦悍將二軍,AEO022,43,0.2968571428571429,33,0.16129032258064516,16,0.37209302325581395,62,0.1935483870967742,18,0.03225806451612903,34,"{""year"": 2026, ""searchType"": ""batter"", ""gameKind"": ""D""}",0.03571428571428571,87,1,85,0.23255813953488372,94,0.06896551724137931,80,140.11926451071997,78,163.54794246912,77,0.3333333333333333,78,0.09302325581395349,70,0.17307692307692307,56
0000006770,*邱邦,樂天桃猿二軍,AJL022,30,0.3207241379310345,42,0.2857142857142857,64,0.3103448275862069,34,0.39285714285714285,59,0.10714285714285715,63,"{""year"": 2026, ""searchType"": ""batter"", ""gameKind"": ""D""}",0.037037037037037035,88,1,85,0.03333333333333333,24,0.2857142857142857,32,137.51161916976,65,165.79207611648,85,0.125,44,0.06666666666666667,83,0.24528301886792453,19
0000007313,曾冠傑,樂天桃猿二軍,AJL022,38,0.353,57,0.25,47,0.34210526315789475,48,0.40625,62,0.15625,74,"{""year"": 2026, ""searchType"": ""batter"", ""gameKind"": ""D""}",0.045454545454545456,89,1,85,0.10526315789473684,60,0.24528301886792453,45,142.89516424429715,85,163.28312491392,76,0.35714285714285715,82,0.2894736842105263,8,0.28,9
0000007591,*張育豪,富邦悍將二軍,AEO022,33,0.5474545454545455,96,0.4583333333333333,96,0.5454545454545454,97,0.7083333333333334,97,0.25000000000000006,90,"{""year"": 2026, ""searchType"": ""batter"", ""gameKind"": ""D""}",0.045454545454545456,89,1,85,0.18181818181818182,88,0.15625,71,147.2923127808,93,160.00112532096,61,0.4444444444444444,90,0.12121212121212122,57,0.14285714285714285,69
0000006728,陳思仲,味全龍二軍,AAA022,28,0.4472592592592593,83,0.391304347826087,90,0.48148148148148145,88,0.4782608695652174,79,0.08695652173913043,57,"{""year"": 2026, ""searchType"": ""batter"", ""gameKind"": ""D""}",0.05,90,1,85,0.10714285714285714,61,0.2903225806451613,30,141.5945327616,81,155.64194350848,41,0.2727272727272727,70,0.14285714285714285,47,0.10416666666666667,83
0000006224,林吳晉瑋,中信兄弟二軍,ACN022,37,0.46943243243243243,88,0.2916666666666667,65,0.5405405405405406,96,0.4166666666666667,65,0.125,69,"{""year"": 2026, ""searchType"": ""batter"", ""gameKind"": ""D""}",0.06666666666666667,93,1,85,0.2972972972972973,96,0.09090909090909091,79,137.02751307167998,64,158.50868406912,51,0.16666666666666666,52,0.24324324324324326,15,0.15217391304347827,65
0000000908,*蘇緯達,中信兄弟二軍,ACN022,18,0.24594444444444447,20,0.23529411764705882,41,0.2777777777777778,22,0.23529411764705882,25,0,15,"{""year"": 2026, ""searchType"": ""batter"", ""gameKind"": ""D""}",0.08333333333333333,93,1,85,0.05555555555555555,34,0.24,46,135.53658272563197,58,161.59514836608,66,0.2,58,0.2777777777777778,11,0.23333333333333334,24
0000007586,◎吳瑞璁,中信兄弟二軍,ACN022,13,0.3591538461538462,59,0.23076923076923078,38,0.23076923076923078,12,0.5384615384615384,86,0.30769230769230765,93,"{""year"": 2026, ""searchType"": ""batter"", ""gameKind"": ""D""}",0.1,96,1,85,0,10,0.4444444444444444,6,136.08875876790856,61,157.74802762752,48,0.14285714285714285,47,0.23076923076923078,18,0.13043478260869565,74
0000001291,郭阜林,台鋼雄鷹二軍,AKP022,13,0.8743076923076925,99,0.6363636363636364,99,0.6923076923076923,99,1.2727272727272727,99,0.6363636363636364,99,"{""year"": 2026, ""searchType"": ""batter"", ""gameKind"": ""D""}",0.1,96,1,85,0.07692307692307693,45,0.5,3,159.75246021503997,99,169.0915209984,92,0.6666666666666666,99,0.07692307692307693,77,0.23076923076923078,25
0000004622,*蕭憶銘,富邦悍將二軍,AEO022,9,0.41655555555555557,79,0.2222222222222222,35,0.2222222222222222,11,0.6666666666666666,94,0.4444444444444444,97,"{""year"": 2026, ""searchType"": ""batter"", ""gameKind"": ""D""}",0.125,97,1,85,0,10,0.2,61,148.57792114176,96,163.87632911232,78,0.5,95,0.1111111111111111,63,0.25,17
0000007610,吳承皓,味全龍二軍,AAA022,91,0.34071111111111124,52,0.2692307692307692,57,0.36666666666666664,60,0.34615384615384615,47,0.07692307692307693,53,"{""year"": 2026, ""searchType"": ""batter"", ""gameKind"": ""D""}",0,39,0,39,0.13186813186813187,73,0.248,44,135.42462733083423,56,163.33138914048,76,0.16071428571428573,49,0.06593406593406594,84,0.2013888888888889,41
0000007308,許博閎,味全龍二軍,AAA022,88,0.31269318181818195,38,0.26506024096385544,54,0.29545454545454547,28,0.3855421686746988,58,0.12048192771084337,67,"{""year"": 2026, ""searchType"": ""batter"", ""gameKind"": ""D""}",0,39,0,39,0.045454545454545456,28,0.27472527472527475,34,129.75687695308798,39,157.59604118016,47,0.1111111111111111,41,0.14772727272727273,45,0.15328467153284672,63
0000007036,◎戴伯丞,統一7-ELEVEn獅二軍,ADD022,88,0.3862613636363639,72,0.32051282051282054,74,0.3977272727272727,71,0.4230769230769231,69,0.10256410256410253,62,"{""year"": 2026, ""searchType"": ""batter"", ""gameKind"": ""D""}",0,39,0,39,0.09090909090909091,51,0.23529411764705882,49,138.03726411288,68,158.34292163712,50,0.25,66,0.18181818181818182,31,0.24183006535947713,20
0000007037,張皓崴,統一7-ELEVEn獅二軍,ADD022,68,0.2830441176470589,28,0.25396825396825395,48,0.3088235294117647,33,0.2857142857142857,37,0.031746031746031744,32,"{""year"": 2026, ""searchType"": ""batter"", ""gameKind"": ""D""}",0,39,0,39,0.07352941176470588,44,0.05405405405405406,82,129.89706407341714,39,155.24260088832,39,0.07142857142857142,36,0.11764705882352941,58,0.05952380952380952,91
0000007792,*施季定華,中信兄弟二軍,ACN022,69,0.3471029411764707,55,0.30158730158730157,67,0.35294117647058826,54,0.3968253968253968,61,0.09523809523809523,58,"{""year"": 2026, ""searchType"": ""batter"", ""gameKind"": ""D""}",0,39,0,39,0.07246376811594203,43,0.23076923076923078,52,134.7981092571684,54,172.87035727104,98,0.18604651162790697,55,0.11594202898550725,59,0.17117117117117117,58
0000007315,游承勳,樂天桃猿二軍,AJL022,62,0.36569354838709694,62,0.3018867924528302,68,0.4032258064516129,74,0.3584905660377358,51,0.05660377358490565,46,"{""year"": 2026, ""searchType"": ""batter"", ""gameKind"": ""D""}",0,39,0,39,0.0967741935483871,55,0.16417910447761194,67,134.85437614358074,54,155.26192910976,39,0.034482758620689655,33,0.016129032258064516,91,0.07058823529411765,89
0000006714,鍾玉成,樂天桃猿二軍,AJL022,64,0.2537142857142857,22,0.18181818181818182,22,0.2857142857142857,25,0.21818181818181817,22,0.03636363636363635,36,"{""year"": 2026, ""searchType"": ""batter"", ""gameKind"": ""D""}",0,39,0,39,0.109375,62,0.2972972972972973,28,127.87113205504001,34,159.85538312832,59,0.037037037037037035,34,0.09375,69,0.1262135922330097,75
0000007082,*陽念祖,味全龍二軍,AAA022,68,0.23992647058823532,17,0.21875,33,0.25,15,0.265625,31,0.046875,40,"{""year"": 2026, ""searchType"": ""batter"", ""gameKind"": ""D""}",0,39,0,39,0.04411764705882353,27,0.2872340425531915,31,129.15357504768002,36,156.57663441024,44,0.12121212121212122,42,0.23529411764705882,17,0.23809523809523808,23
0000006737,董子恩,富邦悍將二軍,AEO022,52,0.25759183673469394,23,0.22727272727272727,36,0.2857142857142857,25,0.25,28,0.022727272727272735,31,"{""year"": 2026, ""searchType"": ""batter"", ""gameKind"": ""D""}",0,39,0,39,0.019230769230769232,20,0.027777777777777776,82,129.26286886904472,37,151.16268854016,31,0,16,0.019230769230769232,90,0.075,88
0000007631,朱盟,台鋼雄鷹二軍,AKP022,63,0.36857142857142866,63,0.3090909090909091,71,0.3968253968253968,70,0.38181818181818183,57,0.07272727272727275,52,"{""year"": 2026, ""searchType"": ""batter"", ""gameKind"": ""D""}",0,39,0,39,0.1111111111111111,63,0.35714285714285715,15,134.52102665609144,52,160.82919718272,62,0.21428571428571427,61,0.12698412698412698,54,0.23853211009174313,22
0000006930,黃秉揚,台鋼雄鷹二軍,AKP022,61,0.24098360655737705,17,0.19642857142857142,27,0.2459016393442623,14,0.26785714285714285,31,0.07142857142857142,51,"{""year"": 2026, ""searchType"": ""batter"", ""gameKind"": ""D""}",0,39,0,39,0.06557377049180328,38,0.23809523809523808,47,138.05807192496,68,161.88130582272,68,0.25,66,0.18032786885245902,32,0.1388888888888889,72
0000006213,何恆佑,統一7-ELEVEn獅二軍,ADD022,63,0.4800793650793653,90,0.4,92,0.4603174603174603,86,0.6181818181818182,90,0.21818181818181814,86,"{""year"": 2026, ""searchType"": ""batter"", ""gameKind"": ""D""}",0,39,0,39,0.09523809523809523,54,0.38461538461538464,13,143.61797999232002,86,170.27664192,93,0.36363636363636365,83,0.15873015873015872,42,0.1532258064516129,64
0000006940,葉保弟,台鋼雄鷹二軍,AKP022,60,0.3322372881355933,47,0.24074074074074073,44,0.3050847457627119,32,0.4074074074074074,63,0.16666666666666666,75,"{""year"": 2026, ""searchType"": ""batter"", ""gameKind"": ""D""}",0,39,0,39,0.06666666666666667,39,0.32,24,139.95914957568,77,159.04593137664,53,0.18181818181818182,54,0.16666666666666666,39,0.14,71
0000006856,董順傑,樂天桃猿二軍,AJL022,56,0.38400000000000006,70,0.3333333333333333,78,0.42857142857142855,80,0.375,56,0.041666666666666685,37,"{""year"": 2026, ""searchType"": ""batter"", ""gameKind"": ""D""}",0,39,0,39,0.125,69,0.26153846153846155,39,124.68664738346668,31,161.273971584,65,0.037037037037037035,34,0.08928571428571429,74,0.1650485436893204,61
0000006734,黃鈞麟,中信兄弟二軍,ACN022,57,0.3388928571428572,50,0.28,62,0.35714285714285715,57,0.36,52,0.07999999999999996,54,"{""year"": 2026, ""searchType"": ""batter"", ""gameKind"": ""D""}",0,39,0,39,0.07017543859649122,41,0.26666666666666666,36,135.02850397343997,55,161.99000091648,69,0.2222222222222222,63,0.17543859649122806,35,0.2111111111111111,36
0000006221,劉貴元,中信兄弟二軍,ACN022,50,0.3139,39,0.3023255813953488,68,0.36,59,0.3023255813953488,38,0,15,"{""year"": 2026, ""searchType"": ""batter"", ""gameKind"": ""D""}",0,39,0,39,0.1,56,0.22784810126582278,53,127.29042173056003,33,154.5696054144,37,0.05555555555555555,35,0.1,67,0.13333333333333333,73
0000006835,顏清浤,台鋼雄鷹二軍,AKP022,54,0.4762777777777779,89,0.36363636363636365,87,0.48148148148148145,88,0.5454545454545454,87,0.18181818181818177,80,"{""year"": 2026, ""searchType"": ""batter"", ""gameKind"": ""D""}",0,39,0,39,0.12962962962962962,72,0.24324324324324326,46,121.7463759413169,27,153.31365726336,33,0.07692307692307693,37,0.1111111111111111,63,0.12345679012345678,78
0000005548,林孝程,味全龍二軍,AAA022,60,0.39163333333333344,73,0.27450980392156865,59,0.38333333333333336,66,0.45098039215686275,73,0.1764705882352941,78,"{""year"": 2026, ""searchType"": ""batter"", ""gameKind"": ""D""}",0,39,0,39,0.15,80,0.20454545454545456,58,145.27427806656,89,166.50002654208,87,0.45454545454545453,91,0.21666666666666667,21,0.25274725274725274,15
0000007602,吳柏賢,統一7-ELEVEn獅二軍,ADD022,44,0.3143023255813953,40,0.30952380952380953,72,0.32558139534883723,38,0.35714285714285715,51,0.047619047619047616,41,"{""year"": 2026, ""searchType"": ""batter"", ""gameKind"": ""D""}",0,39,0,39,0,10,0.4117647058823529,10,121.25009950592,25,141.84992980224,22,0,16,0.13636363636363635,50,0.22784810126582278,26
0000007601,*黃天賜,統一7-ELEVEn獅二軍,ADD022,52,0.24119607843137256,18,0.17391304347826086,20,0.2549019607843137,16,0.2391304347826087,26,0.06521739130434784,51,"{""year"": 2026, ""searchType"": ""batter"", ""gameKind"": ""D""}",0,39,0,39,0.07692307692307693,45,0.2926829268292683,29,124.367617152,29,145.11805684992,24,0,16,0.19230769230769232,27,0.2318840579710145,24
0000002289,陳重廷,統一7-ELEVEn獅二軍,ADD022,43,0.32402325581395347,45,0.28205128205128205,63,0.3023255813953488,30,0.41025641025641024,64,0.1282051282051282,70,"{""year"": 2026, ""searchType"": ""batter"", ""gameKind"": ""D""}",0,39,0,39,0.023255813953488372,21,0.3684210526315789,14,131.23378316603075,42,166.12036619904,86,0.15384615384615385,49,0.11627906976744186,58,0.16470588235294117,61
0000007592,*劉承佑,富邦悍將二軍,AEO022,43,0.2458139534883721,19,0.23076923076923078,38,0.2558139534883721,17,0.28205128205128205,35,0.051282051282051266,42,"{""year"": 2026, ""searchType"": ""batter"", ""gameKind"": ""D""}",0,39,0,39,0.046511627906976744,29,0.16666666666666666,66,129.068218806912,35,156.35475415296,43,0.2,58,0.11627906976744186,58,0.09375,85
0000006931,黃劼希,台鋼雄鷹二軍,AKP022,42,0.4123571428571429,78,0.35135135135135137,85,0.42857142857142855,80,0.4594594594594595,75,0.10810810810810811,63,"{""year"": 2026, ""searchType"": ""batter"", ""gameKind"": ""D""}",0,39,0,39,0.047619047619047616,30,0.13043478260869565,73,118.08242547552,20,149.63878461312,28,0,16,0.07142857142857142,80,0.14285714285714285,69
0000005310,陳真,富邦悍將二軍,AEO022,55,0.37632727272727273,67,0.1956521739130435,26,0.3090909090909091,34,0.4782608695652174,79,0.28260869565217395,91,"{""year"": 2026, ""searchType"": ""batter"", ""gameKind"": ""D""}",0,39,0,39,0.14545454545454545,79,0.23809523809523808,47,147.55816232783997,93,159.7673037312,58,0.5,95,0.23636363636363636,16,0.21686746987951808,33
0000005333,湯家豪,台鋼雄鷹二軍,AKP022,40,0.374925,66,0.3611111111111111,86,0.4,73,0.4166666666666667,65,0.05555555555555558,45,"{""year"": 2026, ""searchType"": ""batter"", ""gameKind"": ""D""}",0,39,0,39,0.075,44,0.42857142857142855,8,124.81967635456002,31,154.88646915456,38,0.1111111111111111,41,0.1,67,0.04054054054054054,93
0000006743,劉俊豪,富邦悍將二軍,AEO022,40,0.3281714285714286,46,0.30303030303030304,69,0.34285714285714286,49,0.36363636363636365,54,0.06060606060606061,48,"{""year"": 2026, ""searchType"": ""batter"", ""gameKind"": ""D""}",0,39,0,39,0.05,30,0.3225806451612903,23,112.3679285784,15,140.3888707584,20,0,16,0.175,35,0.15492957746478872,62
0000006731,周委宏,味全龍二軍,AAA022,37,0.3573513513513514,59,0.2647058823529412,54,0.32432432432432434,37,0.4411764705882353,73,0.1764705882352941,78,"{""year"": 2026, ""searchType"": ""batter"", ""gameKind"": ""D""}",0,39,0,39,0.08108108108108109,46,0.2641509433962264,38,121.02453284018087,24,158.759371584,51,0.043478260869565216,35,0.05405405405405406,87,0.17857142857142858,54
0000005510,林澤彬,富邦悍將二軍,AEO022,39,0.39392105263157895,74,0.25806451612903225,50,0.39473684210526316,70,0.45161290322580644,74,0.1935483870967742,83,"{""year"": 2026, ""searchType"": ""batter"", ""gameKind"": ""D""}",0,39,0,39,0.1794871794871795,87,0.1794871794871795,65,135.74503507638858,59,159.4712649024,56,0.21428571428571427,61,0.02564102564102564,90,0.046875,92
0000004643,*胡冠俞,台鋼雄鷹二軍,AKP022,43,0.499186046511628,93,0.3939393939393939,91,0.4883720930232558,90,0.6363636363636364,92,0.24242424242424243,89,"{""year"": 2026, ""searchType"": ""batter"", ""gameKind"": ""D""}",0,39,0,39,0.11627906976744186,65,0.3142857142857143,25,131.3151990912,43,159.16555391616,54,0.09090909090909091,39,0.09302325581395349,70,0.20454545454545456,40
0000007306,*黃贊維,味全龍二軍,AAA022,39,0.34031578947368424,51,0.3333333333333333,78,0.3684210526315789,61,0.3611111111111111,53,0.02777777777777779,32,"{""year"": 2026, ""searchType"": ""batter"", ""gameKind"": ""D""}",0,39,0,39,0.05128205128205128,31,0.23636363636363636,48,127.92863481024003,35,150.70433127552,30,0,16,0.15384615384615385,44,0.1917808219178082,47
0000007078,杜禹鋒,樂天桃猿二軍,AJL022,39,0.29410256410256413,32,0.2631578947368421,53,0.28205128205128205,23,0.34210526315789475,46,0.07894736842105265,54,"{""year"": 2026, ""searchType"": ""batter"", ""gameKind"": ""D""}",0,39,0,39,0,10,0.3181818181818182,24,135.49582340659202,57,161.1086919552,63,0.2,58,0.1794871794871795,32,0.20634920634920634,39
0000007045,*張豈豪,台鋼雄鷹二軍,AKP022,50,0.26526,25,0.13157894736842105,13,0.32,37,0.15789473684210525,14,0.02631578947368421,31,"{""year"": 2026, ""searchType"": ""batter"", ""gameKind"": ""D""}",0,39,0,39,0.14,76,0.2903225806451613,30,115.29404789760002,18,159.27732285696,56,0.16666666666666666,52,0.2,25,0.2153846153846154,34
0000006859,*洪敏暘,樂天桃猿二軍,AJL022,39,0.42353846153846153,80,0.3548387096774194,85,0.48717948717948717,89,0.3870967741935484,59,0.032258064516129004,33,"{""year"": 2026, ""searchType"": ""batter"", ""gameKind"": ""D""}",0,39,0,39,0.15384615384615385,81,0.22448979591836735,54,138.452516640768,69,155.70816801408,42,0.3333333333333333,78,0.10256410256410256,65,0.125,77
0000007070,林佳緯,統一7-ELEVEn獅二軍,ADD022,33,0.3274848484848485,45,0.26666666666666666,56,0.3333333333333333,42,0.36666666666666664,55,0.09999999999999998,59,"{""year"": 2026, ""searchType"": ""batter"", ""gameKind"": ""D""}",0,39,0,39,0.06060606060606061,38,0.4166666666666667,9,136.716606854784,63,156.08441654784,42,0.2,58,0.09090909090909091,73,0.19148936170212766,48
0000006806,池恩齊,富邦悍將二軍,AEO022,35,0.352125,56,0.3333333333333333,78,0.40625,75,0.3333333333333333,44,0,15,"{""year"": 2026, ""searchType"": ""batter"", ""gameKind"": ""D""}",0,39,0,39,0.11428571428571428,64,0.3333333333333333,19,133.32399982848,48,160.09425805824,61,0.45454545454545453,91,0.14285714285714285,47,0.19047619047619047,48
0000003645,*柯育民,統一7-ELEVEn獅二軍,ADD022,33,0.2981212121212122,34,0.2413793103448276,44,0.3333333333333333,42,0.27586206896551724,33,0.03448275862068964,35,"{""year"": 2026, ""searchType"": ""batter"", ""gameKind"": ""D""}",0,39,0,39,0.09090909090909091,51,0.23076923076923078,52,139.28643793151997,74,162.19318059648,69,0.1,39,0.09090909090909091,73,0.14516129032258066,68
0000002282,張閔勛,樂天桃猿二軍,AJL022,27,0.23851851851851855,16,0.2692307692307692,57,0.25925925925925924,17,0.2692307692307692,32,0,15,"{""year"": 2026, ""searchType"": ""batter"", ""gameKind"": ""D""}",0,39,0,39,0,10,0.125,75,123.56376343027202,28,145.93063072896,25,0,16,0.037037037037037035,89,0.07894736842105263,87
0000006847,田子杰,統一7-ELEVEn獅二軍,ADD022,36,0.3403333333333334,52,0.26666666666666666,56,0.3888888888888889,69,0.3,38,0.033333333333333326,34,"{""year"": 2026, ""searchType"": ""batter"", ""gameKind"": ""D""}",0,39,0,39,0.1388888888888889,75,0.15789473684210525,70,131.5032916937143,44,159.78061300608,58,0.07142857142857142,36,0.1111111111111111,63,0.12903225806451613,75
0000006725,張祐嘉,味全龍二軍,AAA022,41,0.284609756097561,28,0.20588235294117646,28,0.34146341463414637,48,0.20588235294117646,20,0,15,"{""year"": 2026, ""searchType"": ""batter"", ""gameKind"": ""D""}",0,39,0,39,0.17073170731707318,85,0.22,56,124.6272386776094,30,158.78782478592,52,0.17647058823529413,54,0.1951219512195122,27,0.21739130434782608,32
0000001473,李宗賢,富邦悍將二軍,AEO022,29,0.4312857142857142,80,0.375,88,0.4642857142857143,86,0.4583333333333333,75,0.08333333333333331,55,"{""year"": 2026, ""searchType"": ""batter"", ""gameKind"": ""D""}",0,39,0,39,0.10344827586206896,59,0.23529411764705882,49,133.58601166310402,48,171.3236811264,95,0.13333333333333333,46,0.06896551724137931,82,0.11666666666666667,80
0000006229,葉子霆,富邦悍將二軍,AEO022,28,0.34099999999999997,53,0.3333333333333333,78,0.38461538461538464,68,0.3333333333333333,44,0,15,"{""year"": 2026, ""searchType"": ""batter"", ""gameKind"": ""D""}",0,39,0,39,0.03571428571428571,24,0,91,0,6,0,6,0,16,0.07142857142857142,80,0.10810810810810811,82
0000007578,◎蔡袁華辰,富邦悍將二軍,AEO022,26,0.20104166666666667,11,0.18181818181818182,22,0.20833333333333334,11,0.22727272727272727,23,0.04545454545454544,39,"{""year"": 2026, ""searchType"": ""batter"", ""gameKind"": ""D""}",0,39,0,39,0.038461538461538464,25,0.3333333333333333,19,135.99951374592,61,141.3947107584,21,0,16,0.07692307692307693,77,0.14,71
0000005563,姚冠瑋,味全龍二軍,AAA022,30,0.3831724137931035,69,0.3076923076923077,70,0.3793103448275862,65,0.4230769230769231,69,0.11538461538461536,65,"{""year"": 2026, ""searchType"": ""batter"", ""gameKind"": ""D""}",0,39,0,39,0.1,56,0.22,56,129.49980964096,38,159.2311507776,55,0.1111111111111111,41,0.13333333333333333,52,0.22448979591836735,28
0000006718,毛英傑,樂天桃猿二軍,AJL022,35,0.22970588235294118,13,0.1935483870967742,25,0.23529411764705882,13,0.25806451612903225,30,0.06451612903225806,50,"{""year"": 2026, ""searchType"": ""batter"", ""gameKind"": ""D""}",0,39,0,39,0.05714285714285714,37,0.16216216216216217,68,130.15494880457143,41,158.96948753664,52,0.21428571428571427,61,0.2857142857142857,9,0.26666666666666666,11
0000007277,*黃霆杉,中信兄弟二軍,ACN022,33,0.29287878787878785,31,0.21428571428571427,31,0.3333333333333333,42,0.25,28,0.035714285714285726,35,"{""year"": 2026, ""searchType"": ""batter"", ""gameKind"": ""D""}",0,39,0,39,0.12121212121212122,67,0.2465753424657534,44,133.28728630272002,47,161.4213874944,65,0.25,66,0.18181818181818182,31,0.26229508196721313,13
0000006928,林家鋐,台鋼雄鷹二軍,AKP022,27,0.43251851851851847,81,0.391304347826087,90,0.48148148148148145,88,0.43478260869565216,72,0.04347826086956519,38,"{""year"": 2026, ""searchType"": ""batter"", ""gameKind"": ""D""}",0,39,0,39,0.1111111111111111,63,0,91,0,6,0,6,0,16,0.07407407407407407,79,0.06382978723404255,90
0000000753,杜家明,台鋼雄鷹二軍,AKP022,28,0.36628571428571427,62,0.23809523809523808,42,0.35714285714285715,57,0.42857142857142855,71,0.19047619047619047,82,"{""year"": 2026, ""searchType"": ""batter"", ""gameKind"": ""D""}",0,39,0,39,0.14285714285714285,77,0.2631578947368421,38,133.24545341712002,46,159.91088940288,59,0.125,44,0.07142857142857142,80,0.10526315789473684,82
0000006938,吳柏萱,台鋼雄鷹二軍,AKP022,29,0.35337931034482756,58,0.28,62,0.3793103448275862,65,0.36,52,0.07999999999999996,54,"{""year"": 2026, ""searchType"": ""batter"", ""gameKind"": ""D""}",0,39,0,39,0.06896551724137931,41,0.2,61,138.49949017344,69,148.62398056704,27,0,16,0.13793103448275862,49,0.12280701754385964,79
0000007624,*焦子杰,中信兄弟二軍,ACN022,32,0.4140625,79,0.3103448275862069,72,0.375,63,0.5172413793103449,85,0.20689655172413796,85,"{""year"": 2026, ""searchType"": ""batter"", ""gameKind"": ""D""}",0,39,0,39,0.03125,23,0.22413793103448276,55,133.240252419648,46,166.10116672512,86,0.25,66,0.25,14,0.25,17
0000006234,邱勝宥,樂天桃猿二軍,AJL022,24,0.2705,27,0.22727272727272727,36,0.2916666666666667,27,0.2727272727272727,32,0.04545454545454544,39,"{""year"": 2026, ""searchType"": ""batter"", ""gameKind"": ""D""}",0,39,0,39,0.08333333333333333,48,0.30434782608695654,26,120.84136010496,23,154.07072486784,35,0.08333333333333333,38,0.08333333333333333,75,0.0851063829787234,86
0000007595,王君佑,富邦悍將二軍,AEO022,30,0.3543,58,0.20833333333333334,29,0.36666666666666664,60,0.3333333333333333,44,0.12499999999999997,68,"{""year"": 2026, ""searchType"": ""batter"", ""gameKind"": ""D""}",0,39,0,39,0.1,56,0.15789473684210525,70,139.78327139251198,76,162.26301003264,70,0.3,73,0.13333333333333333,52,0.2222222222222222,29
0000006933,*林威漢,台鋼雄鷹二軍,AKP022,39,0.36225641025641026,60,0.25806451612903225,50,0.41025641025641024,77,0.3225806451612903,41,0.06451612903225806,50,"{""year"": 2026, ""searchType"": ""batter"", ""gameKind"": ""D""}",0,39,0,39,0.20512820512820512,92,0.2777777777777778,34,143.99141948928,86,162.58157967744,72,0.4,87,0.28205128205128205,10,0.24242424242424243,20
0000007094,陳愷佑,富邦悍將二軍,AEO022,22,0.33614285714285713,49,0.3,66,0.3333333333333333,42,0.4,61,0.10000000000000003,60,"{""year"": 2026, ""searchType"": ""batter"", ""gameKind"": ""D""}",0,39,0,39,0.045454545454545456,28,0.3333333333333333,19,132.10990330823998,45,162.5134078656,71,0.125,44,0.09090909090909091,73,0.20454545454545456,40
0000005536,歐晉,樂天桃猿二軍,AJL022,26,0.3652692307692308,61,0.23809523809523808,42,0.34615384615384615,51,0.42857142857142855,71,0.19047619047619047,82,"{""year"": 2026, ""searchType"": ""batter"", ""gameKind"": ""D""}",0,39,0,39,0.15384615384615385,81,0.325,22,139.81095302893712,76,156.43993673088,44,0.21428571428571427,61,0.11538461538461539,60,0.17391304347826086,56
0000005656,李聖裕,中信兄弟二軍,ACN022,29,0.34489655172413797,54,0.2608695652173913,51,0.41379310344827586,78,0.2608695652173913,30,0,15,"{""year"": 2026, ""searchType"": ""batter"", ""gameKind"": ""D""}",0,39,0,39,0.20689655172413793,93,0.11764705882352941,76,148.3176369848123,95,197.13593344896,99,0.46153846153846156,92,0.1724137931034483,37,0.21568627450980393,34
0000006955,余羿賢,統一7-ELEVEn獅二軍,ADD022,24,0.2942916666666667,32,0.2608695652173913,51,0.2916666666666667,27,0.34782608695652173,48,0.08695652173913043,57,"{""year"": 2026, ""searchType"": ""batter"", ""gameKind"": ""D""}",0,39,0,39,0.041666666666666664,25,0.3333333333333333,19,122.29987102079998,27,134.99658665856,16,0,16,0.20833333333333334,23,0.2608695652173913,14
0000007018,劉子杰,樂天桃猿二軍,AJL022,22,0.5015,93,0.35,84,0.4090909090909091,76,0.7,96,0.35,95,"{""year"": 2026, ""searchType"": ""batter"", ""gameKind"": ""D""}",0,39,0,39,0.09090909090909091,51,0.25,41,140.42011416048,79,163.9960964928,79,0.25,66,0.13636363636363635,50,0.06896551724137931,89
0000006235,林政華,樂天桃猿二軍,AJL022,19,0.25394736842105264,23,0.2222222222222222,35,0.2631578947368421,19,0.2777777777777778,34,0.05555555555555558,45,"{""year"": 2026, ""searchType"": ""batter"", ""gameKind"": ""D""}",0,39,0,39,0.05263157894736842,32,0.19230769230769232,63,134.30906631859202,51,163.04651915904,73,0.26666666666666666,69,0.05263157894736842,87,0.16666666666666666,60
0000005340,王博玄,台鋼雄鷹二軍,AKP022,21,0.34704761904761905,54,0.2631578947368421,53,0.3333333333333333,42,0.42105263157894735,68,0.15789473684210525,75,"{""year"": 2026, ""searchType"": ""batter"", ""gameKind"": ""D""}",0,39,0,39,0.09523809523809523,54,0.17647058823529413,65,137.68920692736,66,154.93326887808,38,0.3333333333333333,78,0.09523809523809523,69,0.1891891891891892,49
0000005496,辛元旭,富邦悍將二軍,AEO022,23,0.26773913043478265,26,0.15789473684210525,15,0.30434782608695654,32,0.21052631578947367,20,0.05263157894736842,43,"{""year"": 2026, ""searchType"": ""batter"", ""gameKind"": ""D""}",0,39,0,39,0.13043478260869565,73,0,91,0,6,0,6,0,16,0.08695652173913043,75,0.14583333333333334,68
0000005565,*張聖豪,統一7-ELEVEn獅二軍,ADD022,32,0.29812500000000003,34,0.19230769230769232,25,0.34375,51,0.23076923076923078,24,0.038461538461538464,37,"{""year"": 2026, ""searchType"": ""batter"", ""gameKind"": ""D""}",0,39,0,39,0.03125,23,0.5,3,142.47506338559998,83,154.19457998208,35,0.5,95,0.28125,11,0.2222222222222222,29
0000006233,*黃兆維,富邦悍將二軍,AEO022,23,0.22495652173913044,12,0.19047619047619047,24,0.2608695652173913,18,0.19047619047619047,18,0,15,"{""year"": 2026, ""searchType"": ""batter"", ""gameKind"": ""D""}",0,39,0,39,0.08695652173913043,49,0,91,154.3339169856,99,164.90342854656,82,0.3333333333333333,78,0.13043478260869565,53,0.22857142857142856,25
0000007589,許賀捷,樂天桃猿二軍,AJL022,26,0.3205769230769231,42,0.23809523809523808,42,0.38461538461538464,68,0.23809523809523808,25,0,15,"{""year"": 2026, ""searchType"": ""batter"", ""gameKind"": ""D""}",0,39,0,39,0.19230769230769232,90,0.06060606060606061,81,138.82689243456,72,144.77051901312,24,0,16,0.15384615384615385,44,0.125,77
0000004627,張偉聖,統一7-ELEVEn獅二軍,ADD022,19,0.30236842105263156,35,0.2777777777777778,61,0.3157894736842105,36,0.3333333333333333,44,0.055555555555555525,44,"{""year"": 2026, ""searchType"": ""batter"", ""gameKind"": ""D""}",0,39,0,39,0.05263157894736842,32,0,91,138.92302391616,72,148.80450068352,28,0,16,0.10526315789473684,65,0.14814814814814814,66
0000000361,張洺瑀,富邦悍將二軍,AEO022,21,0.2926666666666667,31,0.17647058823529413,20,0.3333333333333333,42,0.23529411764705882,25,0.05882352941176469,46,"{""year"": 2026, ""searchType"": ""batter"", ""gameKind"": ""D""}",0,39,0,39,0.19047619047619047,90,0,91,0,6,0,6,0,16,0.047619047619047616,88,0.10256410256410256,83
0000005531,邱智呈,統一7-ELEVEn獅二軍,ADD022,18,0.40311111111111114,77,0.29411764705882354,66,0.3333333333333333,42,0.5294117647058824,86,0.23529411764705882,88,"{""year"": 2026, ""searchType"": ""batter"", ""gameKind"": ""D""}",0,39,0,39,0.05555555555555555,34,0,91,136.96395337152,63,147.75326108928,25,0,16,0.1111111111111111,63,0.16666666666666666,60
0000006810,*潘瑋祥,富邦悍將二軍,AEO022,19,0.40831578947368424,77,0.42105263157894735,94,0.42105263157894735,79,0.47368421052631576,78,0.05263157894736842,43,"{""year"": 2026, ""searchType"": ""batter"", ""gameKind"": ""D""}",0,39,0,39,0,10,0.5,3,109.08704144448,14,137.62065423744,18,0,16,0.21052631578947367,22,0.20689655172413793,39
0000007477,◎張家豪,樂天桃猿二軍,AJL022,26,0.23638461538461542,14,0.13636363636363635,14,0.2692307692307692,21,0.18181818181818182,17,0.04545454545454547,39,"{""year"": 2026, ""searchType"": ""batter"", ""gameKind"": ""D""}",0,39,0,39,0.15384615384615385,81,0.45454545454545453,4,114.9336956592,17,148.05782944128,26,0,16,0.2692307692307692,12,0.2857142857142857,8
0000007301,曾昱磬,台鋼雄鷹二軍,AKP022,26,0.521576923076923,94,0.4117647058823529,93,0.6153846153846154,98,0.47058823529411764,77,0.05882352941176472,47,"{""year"": 2026, ""searchType"": ""batter"", ""gameKind"": ""D""}",0,39,0,39,0.34615384615384615,97,0.16129032258064516,68,145.34497167168,89,161.50856565888,66,0.3333333333333333,78,0.07692307692307693,77,0.1388888888888889,72
0000006872,林岳谷,富邦悍將二軍,AEO022,19,0.233,14,0.2222222222222222,35,0.2631578947368421,19,0.2222222222222222,23,0,15,"{""year"": 2026, ""searchType"": ""batter"", ""gameKind"": ""D""}",0,39,0,39,0.05263157894736842,32,0,91,0,6,0,6,0,16,0.15789473684210525,43,0.17647058823529413,55
0000007087,胡孟智,中信兄弟二軍,ACN022,23,0.34860869565217395,55,0.17647058823529413,20,0.34782608695652173,52,0.35294117647058826,49,0.17647058823529413,79,"{""year"": 2026, ""searchType"": ""batter"", ""gameKind"": ""D""}",0,39,0,39,0.17391304347826086,85,0.125,75,131.03246413528615,42,152.21861132544,31,0,16,0.13043478260869565,53,0.06451612903225806,90
0000003533,藍寅倫,台鋼雄鷹二軍,AKP022,18,0.4785555555555556,89,0.375,88,0.4444444444444444,82,0.625,90,0.25,90,"{""year"": 2026, ""searchType"": ""batter"", ""gameKind"": ""D""}",0,39,0,39,0.05555555555555555,34,0.23076923076923078,52,135.89926055552002,60,164.52883763712,80,0.2222222222222222,63,0.05555555555555555,86,0.25,17
0000007282,陳九登,中信兄弟二軍,ACN022,21,0.2463809523809524,20,0.21052631578947367,30,0.2857142857142857,25,0.21052631578947367,20,0,15,"{""year"": 2026, ""searchType"": ""batter"", ""gameKind"": ""D""}",0,39,0,39,0.09523809523809523,54,0.3023255813953488,27,115.19162553156922,17,152.5921239744,32,0,16,0.19047619047619047,28,0.28205128205128205,8
0000001409,吳東融,味全龍二軍,AAA022,25,0.28099999999999997,27,0.1111111111111111,11,0.3333333333333333,42,0.16666666666666666,15,0.05555555555555555,44,"{""year"": 2026, ""searchType"": ""batter"", ""gameKind"": ""D""}",0,39,0,39,0.16,83,0.21621621621621623,56,146.30835342182402,92,157.5727217856,46,0.4,87,0.16,41,0.22641509433962265,27
0000006861,蔡佳諺,富邦悍將二軍,AEO022,22,0.28985,30,0.1875,23,0.3,29,0.3125,40,0.125,69,"{""year"": 2026, ""searchType"": ""batter"", ""gameKind"": ""D""}",0,39,0,39,0.13636363636363635,74,0.21212121212121213,57,129.42549294500571,37,154.2618183744,37,0.14285714285714285,47,0.22727272727272727,19,0.1891891891891892,49
0000006909,豊暐,富邦悍將二軍,AEO022,16,0.197375,10,0.1875,23,0.1875,10,0.25,28,0.0625,49,"{""year"": 2026, ""searchType"": ""batter"", ""gameKind"": ""D""}",0,39,0,39,0,10,0.4117647058823529,10,146.6971405845943,92,161.87024962944,68,0.5714285714285714,97,0.125,56,0.26666666666666666,11
0000006926,陳致嘉,台鋼雄鷹二軍,AKP022,19,0.31421052631578944,39,0.23529411764705882,41,0.3157894736842105,36,0.35294117647058826,49,0.11764705882352944,66,"{""year"": 2026, ""searchType"": ""batter"", ""gameKind"": ""D""}",0,39,0,39,0.10526315789473684,60,0.3333333333333333,19,137.56554064281602,66,152.32003218432,32,0,16,0.15789473684210525,43,0.15384615384615385,63
0000007608,*傅鈞致,味全龍二軍,AAA022,17,0.31523529411764706,41,0.3125,73,0.35294117647058826,54,0.3125,40,0,15,"{""year"": 2026, ""searchType"": ""batter"", ""gameKind"": ""D""}",0,39,0,39,0,10,0.3684210526315789,14,121.311395172,25,159.48491213952,57,0.25,66,0.17647058823529413,34,0.2,44
0000007093,*李祐賢,富邦悍將二軍,AEO022,17,0.26329411764705885,24,0.23529411764705882,41,0.23529411764705882,13,0.35294117647058826,49,0.11764705882352944,66,"{""year"": 2026, ""searchType"": ""batter"", ""gameKind"": ""D""}",0,39,0,39,0,10,0.4444444444444444,6,121.738302233856,26,155.70776567808,41,0.2,58,0.23529411764705882,17,0.1875,50
0000000743,陳子豪,味全龍二軍,AAA022,18,0.09261111111111112,7,0.0625,10,0.1111111111111111,7,0.0625,10,0,15,"{""year"": 2026, ""searchType"": ""batter"", ""gameKind"": ""D""}",0,39,0,39,0.05555555555555555,34,0.4,12,150.005946790656,97,157.26375992448,46,0.6,98,0.2222222222222222,20,0.2,44
0000003343,郭嚴文,中信兄弟二軍,ACN022,16,0.115,8,0.125,12,0.125,7,0.125,12,0,15,"{""year"": 2026, ""searchType"": ""batter"", ""gameKind"": ""D""}",0,39,0,39,0,10,0.4444444444444444,6,135.72144757572926,59,158.311973952,49,0.15384615384615385,49,0.1875,29,0.2,44
0000007267,黃騰威,富邦悍將二軍,AEO022,18,0.43388888888888894,82,0.375,88,0.4444444444444444,82,0.5,82,0.125,69,"{""year"": 2026, ""searchType"": ""batter"", ""gameKind"": ""D""}",0,39,0,39,0.1111111111111111,63,0.15789473684210525,70,143.12433069158402,85,157.01965462656,45,0.2,58,0.16666666666666666,39,0.17857142857142858,54
0000001606,林岱安,富邦悍將二軍,AEO022,17,0.522,94,0.38461538461538464,89,0.5,93,0.6153846153846154,89,0.23076923076923078,87,"{""year"": 2026, ""searchType"": ""batter"", ""gameKind"": ""D""}",0,39,0,39,0.17647058823529413,86,0,91,0,6,0,6,0,16,0.058823529411764705,86,0.21739130434782608,32
0000007088,徐博瑋,中信兄弟二軍,ACN022,15,0.11113333333333333,7,0.07142857142857142,11,0.13333333333333333,8,0.07142857142857142,11,0,15,"{""year"": 2026, ""searchType"": ""batter"", ""gameKind"": ""D""}",0,39,0,39,0.06666666666666667,39,0.42857142857142855,8,118.15147035647999,21,167.7663871488,89,0.125,44,0.13333333333333333,52,0.21739130434782608,32
0000007609,*崔聖允,味全龍二軍,AAA022,16,0.323375,44,0.2857142857142857,64,0.375,63,0.2857142857142857,37,0,15,"{""year"": 2026, ""searchType"": ""batter"", ""gameKind"": ""D""}",0,39,0,39,0.125,69,0.4,12,120.83309344127998,23,137.43174943872,17,0,16,0.125,56,0.2,44
0000007612,*劉曜維,樂天桃猿二軍,AJL022,20,0.3047,36,0.2777777777777778,61,0.35,52,0.2777777777777778,34,0,15,"{""year"": 2026, ""searchType"": ""batter"", ""gameKind"": ""D""}",0,39,0,39,0.1,56,0.7142857142857143,0,116.80895559167999,19,150.79187958912,30,0,16,0.3,7,0.25806451612903225,14
0000006939,顏郁軒,台鋼雄鷹二軍,AKP022,14,0.3331428571428572,48,0.2727272727272727,59,0.35714285714285715,57,0.36363636363636365,54,0.09090909090909094,58,"{""year"": 2026, ""searchType"": ""batter"", ""gameKind"": ""D""}",0,39,0,39,0.07142857142857142,42,0,91,0,6,0,6,0,16,0.07142857142857142,80,0.25,17
0000001118,高國麟,富邦悍將二軍,AEO022,17,0.38376470588235295,70,0.23076923076923078,38,0.35294117647058826,54,0.46153846153846156,76,0.23076923076923078,87,"{""year"": 2026, ""searchType"": ""batter"", ""gameKind"": ""D""}",0,39,0,39,0.11764705882352941,66,0,91,69.94764247680001,12,69.94764247680001,12,0,16,0.17647058823529413,34,0.22727272727272727,27
0000007091,高捷,富邦悍將二軍,AEO022,16,0.34025000000000005,51,0.21428571428571427,31,0.3125,35,0.42857142857142855,71,0.21428571428571427,85,"{""year"": 2026, ""searchType"": ""batter"", ""gameKind"": ""D""}",0,39,0,39,0.125,69,0.3333333333333333,19,144.99059859328003,88,168.42596069376,91,0.4444444444444444,90,0.1875,29,0.2,44
0000007309,*劉曜豪,味全龍二軍,AAA022,15,0.2603333333333333,24,0.21428571428571427,31,0.26666666666666666,20,0.2857142857142857,37,0.07142857142857142,51,"{""year"": 2026, ""searchType"": ""batter"", ""gameKind"": ""D""}",0,39,0,39,0.06666666666666667,39,0.25,41,137.44951659648,65,154.2573926784,36,0.3333333333333333,78,0.2,25,0.3235294117647059,6
0000000356,石翔宇,味全龍二軍,AAA022,10,0.48740000000000006,90,0.4,92,0.4,73,0.7,96,0.29999999999999993,92,"{""year"": 2026, ""searchType"": ""batter"", ""gameKind"": ""D""}",0,39,0,39,0,10,0.29411764705882354,28,140.19184592512,79,158.09030290944,49,0.1111111111111111,41,0.1,67,0.15,65
0000006220,*馬鋼,富邦悍將二軍,AEO022,17,0.38564705882352934,71,0.23076923076923078,38,0.4117647058823529,77,0.38461538461538464,58,0.15384615384615385,73,"{""year"": 2026, ""searchType"": ""batter"", ""gameKind"": ""D""}",0,39,0,39,0.17647058823529413,86,0.3333333333333333,19,125.50129612416,32,132.68746770048,15,0,16,0.23529411764705882,17,0.24,21
0000001804,陳傑憲,統一7-ELEVEn獅二軍,ADD022,14,0.3988571428571429,76,0.3333333333333333,78,0.42857142857142855,80,0.4166666666666667,65,0.08333333333333337,56,"{""year"": 2026, ""searchType"": ""batter"", ""gameKind"": ""D""}",0,39,0,39,0.07142857142857142,42,0.09090909090909091,79,120.30114624,22,127.45635940224,14,0,16,0.21428571428571427,21,0.2,44
0000002304,吳明鴻,台鋼雄鷹二軍,AKP022,12,0.06225,6,0,5,0.08333333333333333,6,0,5,0,15,"{""year"": 2026, ""searchType"": ""batter"", ""gameKind"": ""D""}",0,39,0,39,0.08333333333333333,48,0.2857142857142857,32,126.83434392288,32,160.2851906304,62,0.25,66,0.16666666666666666,39,0.20833333333333334,38
0000005306,許哲晏,統一7-ELEVEn獅二軍,ADD022,11,0.37100000000000005,64,0.25,47,0.45454545454545453,84,0.25,28,0,15,"{""year"": 2026, ""searchType"": ""batter"", ""gameKind"": ""D""}",0,39,0,39,0.2727272727272727,95,0.5,3,144.41341362624001,87,163.2336697728,75,0.5,95,0,96,0.07692307692307693,87
0000005571,岳政華,中信兄弟二軍,ACN022,14,0.2667857142857143,25,0,5,0.35714285714285715,57,0,5,0,15,"{""year"": 2026, ""searchType"": ""batter"", ""gameKind"": ""D""}",0,39,0,39,0.35714285714285715,97,0.09375,77,149.77857625631998,97,166.60136693376,87,0.375,84,0.07142857142857142,80,0.21739130434782608,32
0000003183,張志豪,中信兄弟二軍,ACN022,14,0.454,85,0.16666666666666666,18,0.2857142857142857,25,0.6666666666666666,94,0.5,97,"{""year"": 2026, ""searchType"": ""batter"", ""gameKind"": ""D""}",0,39,0,39,0.14285714285714285,77,0.125,75,141.68908391616,82,157.8659442624,48,0.16666666666666666,52,0.35714285714285715,3,0.26666666666666666,11
0000000362,申皓瑋,富邦悍將二軍,AEO022,10,0.2414,18,0.125,12,0.3,29,0.125,12,0,15,"{""year"": 2026, ""searchType"": ""batter"", ""gameKind"": ""D""}",0,39,0,39,0.2,92,0,91,0,6,0,6,0,16,0.1,67,0.2631578947368421,13
0000002297,詹子賢,中信兄弟二軍,ACN022,6,0,3,0,5,0,3,0,5,0,15,"{""year"": 2026, ""searchType"": ""batter"", ""gameKind"": ""D""}",0,39,0,39,0,10,0.09090909090909091,79,133.63815011711998,49,153.667004832,34,0.16666666666666666,52,0,96,0.18181818181818182,53
0000003211,王勝偉,富邦悍將二軍,AEO022,6,0.373,65,0.3333333333333333,78,0.3333333333333333,42,0.5,82,0.16666666666666669,76,"{""year"": 2026, ""searchType"": ""batter"", ""gameKind"": ""D""}",0,39,0,39,0,10,0.2,61,138.53343392064,70,159.254244864,55,0.3333333333333333,78,0,96,0.125,77
0000007297,*楊泯貽,富邦悍將二軍,AEO022,12,0.3879166666666667,72,0.16666666666666666,18,0.5,93,0.16666666666666666,15,0,15,"{""year"": 2026, ""searchType"": ""batter"", ""gameKind"": ""D""}",0,39,0,39,0.4166666666666667,98,0,91,107.9866605312,14,107.9866605312,14,0,16,0.08333333333333333,75,0.18181818181818182,53
0000002661,陳鏞基,統一7-ELEVEn獅二軍,ADD022,8,0.562,97,0.2857142857142857,64,0.375,63,0.8571428571428571,97,0.5714285714285714,99,"{""year"": 2026, ""searchType"": ""batter"", ""gameKind"": ""D""}",0,39,0,39,0.125,69,0,91,0,6,0,6,0,16,0.125,56,0.09090909090909091,85
0000006929,紀慶然,台鋼雄鷹二軍,AKP022,8,0.48812500000000003,91,0.42857142857142855,95,0.5,93,0.5714285714285714,87,0.14285714285714285,72,"{""year"": 2026, ""searchType"": ""batter"", ""gameKind"": ""D""}",0,39,0,39,0.125,69,0,91,0,6,0,6,0,16,0.125,56,0.125,77
0000007031,*林莛淯,富邦悍將二軍,AEO022,5,0.184,10,0.2,28,0.2,10,0.2,19,0,15,"{""year"": 2026, ""searchType"": ""batter"", ""gameKind"": ""D""}",0,39,0,39,0,10,0.25,41,131.657629162752,44,148.18569182208,27,0,16,0,96,0.25,17
0000001258,劉時豪,台鋼雄鷹二軍,AKP022,7,0.23814285714285716,15,0.16666666666666666,18,0.2857142857142857,25,0.16666666666666666,15,0,15,"{""year"": 2026, ""searchType"": ""batter"", ""gameKind"": ""D""}",0,39,0,39,0.14285714285714285,77,0,91,136.50742271232,62,140.81393069568,20,0,16,0.14285714285714285,47,0.09090909090909091,85
0000007594,*江庭毅,富邦悍將二軍,AEO022,11,0.33340000000000003,48,0.25,47,0.4,73,0.25,28,0,15,"{""year"": 2026, ""searchType"": ""batter"", ""gameKind"": ""D""}",0,39,0,39,0.18181818181818182,88,0.2,61,134.10761721984,50,163.234957248,75,0.3333333333333333,78,0.36363636363636365,3,0.3157894736842105,6
0000000910,張進德,富邦悍將二軍,AEO022,6,0.15333333333333335,9,0.16666666666666666,18,0.16666666666666666,9,0.16666666666666666,15,0,15,"{""year"": 2026, ""searchType"": ""batter"", ""gameKind"": ""D""}",0,39,0,39,0,10,0.2,61,137.918312066304,67,161.11316593152,63,0.4,87,0.16666666666666666,39,0.3,7
0000004032,嚴宏鈞,樂天桃猿二軍,AJL022,7,0.23814285714285716,15,0.16666666666666666,18,0.2857142857142857,25,0.16666666666666666,15,0,15,"{""year"": 2026, ""searchType"": ""batter"", ""gameKind"": ""D""}",0,39,0,39,0.14285714285714285,77,0.3888888888888889,13,116.25428445311998,18,144.11624020992,23,0,16,0.2857142857142857,9,0.4,2
0000001339,林祖傑,統一7-ELEVEn獅二軍,ADD022,4,1.06775,99,0.75,99,0.75,99,1.5,99,0.75,99,"{""year"": 2026, ""searchType"": ""batter"", ""gameKind"": ""D""}",0,39,0,39,0,10,0,91,148.9777519296,96,157.0209581952,45,0.6666666666666666,99,0,96,0,96
0000006924,廖奕安,台鋼雄鷹二軍,AKP022,6,0,3,0,5,0,3,0,5,0,15,"{""year"": 2026, ""searchType"": ""batter"", ""gameKind"": ""D""}",0,39,0,39,0,10,0,91,0,6,0,6,0,16,0.3333333333333333,5,0.2,44
0000007013,*陳飛霖,台鋼雄鷹二軍,AKP022,9,0.249,21,0,5,0.3333333333333333,42,0,5,0,15,"{""year"": 2026, ""searchType"": ""batter"", ""gameKind"": ""D""}",0,39,0,39,0.3333333333333333,96,0,91,139.3437627648,75,155.46155213952,40,0.3333333333333333,78,0.2222222222222222,20,0.21428571428571427,35
0000007298,*盧柏華,富邦悍將二軍,AEO022,5,0.368,63,0.4,92,0.4,73,0.4,61,0,15,"{""year"": 2026, ""searchType"": ""batter"", ""gameKind"": ""D""}",0,39,0,39,0,10,0,91,0,6,0,6,0,16,0.2,25,0.18181818181818182,53
0000006868,周佳樂,富邦悍將二軍,AEO022,8,0.209875,11,0.14285714285714285,14,0.25,15,0.14285714285714285,13,0,15,"{""year"": 2026, ""searchType"": ""batter"", ""gameKind"": ""D""}",0,39,0,39,0,10,0.3333333333333333,19,139.34863103039999,75,159.21085694976,54,0.25,66,0.375,2,0.2,44
0000003174,郭永維,台鋼雄鷹二軍,AKP022,4,0.46,86,0.5,98,0.5,93,0.5,82,0,15,"{""year"": 2026, ""searchType"": ""batter"", ""gameKind"": ""D""}",0,39,0,39,0,10,0.2857142857142857,32,111.43558128384001,15,141.33184978176,21,0,16,0,96,0,96
0000007576,◎楊笑虎,富邦悍將二軍,AEO022,8,0.468,87,0.3333333333333333,78,0.5,93,0.5,82,0.16666666666666669,76,"{""year"": 2026, ""searchType"": ""batter"", ""gameKind"": ""D""}",0,39,0,39,0.125,69,0,91,0,6,0,6,0,16,0.25,14,0.46153846153846156,1
0000006730,張仁瑋,中信兄弟二軍,ACN022,4,0,3,0,5,0,3,0,5,0,15,"{""year"": 2026, ""searchType"": ""batter"", ""gameKind"": ""D""}",0,39,0,39,0,10,0.3333333333333333,19,116.87533030272,20,142.4876162688,23,0,16,0.25,14,0.3,7
0000007064,陳世嘉,台鋼雄鷹二軍,AKP022,4,0.46,86,0.5,98,0.5,93,0.5,82,0,15,"{""year"": 2026, ""searchType"": ""batter"", ""gameKind"": ""D""}",0,39,0,39,0,10,0,91,0,6,0,6,0,16,0.25,14,0,96
0000005553,張祐銘,味全龍二軍,AAA022,3,0.3066666666666667,37,0.3333333333333333,78,0.3333333333333333,42,0.3333333333333333,44,0,15,"{""year"": 2026, ""searchType"": ""batter"", ""gameKind"": ""D""}",0,39,0,39,0,10,0.2,61,132.30756059136,45,150.49165646592,29,0,16,0,96,0,96
0000003563,余德龍,樂天桃猿二軍,AJL022,3,0,3,0,5,0,3,0,5,0,15,"{""year"": 2026, ""searchType"": ""batter"", ""gameKind"": ""D""}",0,39,0,39,0,10,0.25,41,113.50033208448001,16,133.49526182784,15,0,16,0,96,0,96
0000007079,劉俊緯,味全龍二軍,AAA022,3,0,3,0,5,0,3,0,5,0,15,"{""year"": 2026, ""searchType"": ""batter"", ""gameKind"": ""D""}",0,39,0,39,0,10,0,91,150.31268131968,98,165.52712981376,84,0.3333333333333333,78,0,96,0,96
0000004641,李丞齡,統一7-ELEVEn獅二軍,ADD022,3,0.3066666666666667,37,0.3333333333333333,78,0.3333333333333333,42,0.3333333333333333,44,0,15,"{""year"": 2026, ""searchType"": ""batter"", ""gameKind"": ""D""}",0,39,0,39,0,10,0,91,0,6,0,6,0,16,0,96,0,96
0000007317,*呂承諺,樂天桃猿二軍,AJL022,3,0,3,0,5,0,3,0,5,0,15,"{""year"": 2026, ""searchType"": ""batter"", ""gameKind"": ""D""}",0,39,0,39,0,10,0.25,41,134.74272068928,53,153.38285905536,34,0.5,95,0.3333333333333333,5,0.3333333333333333,5
0000006217,林辰勳,味全龍二軍,AAA022,3,0,3,0,5,0,3,0,5,0,15,"{""year"": 2026, ""searchType"": ""batter"", ""gameKind"": ""D""}",0,39,0,39,0,10,0,91,98.11370524032,13,98.11370524032,13,0,16,0.3333333333333333,5,0.4,2
0000006216,王順和,味全龍二軍,AAA022,6,0.1245,8,0,5,0.16666666666666666,9,0,5,0,15,"{""year"": 2026, ""searchType"": ""batter"", ""gameKind"": ""D""}",0,39,0,39,0.16666666666666666,84,0.25,41,118.36835360064,21,137.38147353216,17,0,16,0.5,1,0.5555555555555556,0
0000005542,張政禹,味全龍二軍,AAA022,3,0.3066666666666667,37,0.3333333333333333,78,0.3333333333333333,42,0.3333333333333333,44,0,15,"{""year"": 2026, ""searchType"": ""batter"", ""gameKind"": ""D""}",0,39,0,39,0,10,0.625,1,122.36247182016,28,139.3026440256,19,0,16,0.3333333333333333,5,0.2222222222222222,29
0000006240,馬傑森,樂天桃猿二軍,AJL022,2,0.46,86,0.5,98,0.5,93,0.5,82,0,15,"{""year"": 2026, ""searchType"": ""batter"", ""gameKind"": ""D""}",0,39,0,39,0,10,0.5,3,138.5743353984,70,138.5743353984,18,0,16,0.5,1,0.14285714285714285,69
0000007076,李勛傑,樂天桃猿二軍,AJL022,2,0.3735,65,0,5,0.5,93,0,5,0,15,"{""year"": 2026, ""searchType"": ""batter"", ""gameKind"": ""D""}",0,39,0,39,0.5,99,0.3333333333333333,19,89.14885448832001,13,89.14885448832001,13,0,16,0,96,0,96
0000007614,*余新喆,樂天桃猿二軍,AJL022,1,0,3,0,5,0,3,0,5,0,15,"{""year"": 2026, ""searchType"": ""batter"", ""gameKind"": ""D""}",0,39,0,39,0,10,0,91,0,6,0,6,0,16,0,96,0,96
0000005342,林志綱,中信兄弟二軍,ACN022,1,0,3,0,5,0,3,0,5,0,15,"{""year"": 2026, ""searchType"": ""batter"", ""gameKind"": ""D""}",0,39,0,39,0,10,0,91,0,6,0,6,0,16,0,96,0,96
0000007606,吳紹遠,統一7-ELEVEn獅二軍,ADD022,0,0,3,0,5,0,3,0,5,0,15,"{""year"": 2026, ""searchType"": ""batter"", ""gameKind"": ""D""}",0,39,0,39,0,10,0,91,0,6,0,6,0,16,0,96,0,96
0000007043,*鄭昭誠,富邦悍將二軍,AEO022,2,0.3735,65,0,5,0.5,93,0,5,0,15,"{""year"": 2026, ""searchType"": ""batter"", ""gameKind"": ""D""}",0,39,0,39,0.5,99,0,91,0,6,0,6,0,16,0.5,1,0.3333333333333333,5
0000002305,王正棠,富邦悍將二軍,AEO022,1,0.747,99,0,5,1,99,0,5,0,15,"{""year"": 2026, ""searchType"": ""batter"", ""gameKind"": ""D""}",0,39,0,39,1,99,0,91,0,6,0,6,0,16,0,96,0,96
