year,game_kind,player_id,player_name,team_code,team_name,kph,kph_max,pitch_type,pitches,spin_rate,spin_rate_max,throws
2026,A,0000006507,後勁,AKP011,台鋼雄鷹,137.28422426033023,147.69009433728,breakingball,423,2334.0678547281314,2854.9758,R
2026,A,0000005151,羅戈,ACN011,中信兄弟,133.39033073899415,143.24857848576,breakingball,398,2101.173274623114,2946.7805,R
2026,A,0000007790,魔爾曼,AJL011,樂天桃猿,136.67686678399636,147.98888514432,breakingball,364,2060.3804239010988,2517.6626,R
2026,A,0000007789,麥斯威尼,AJL011,樂天桃猿,134.1306909871482,146.21931485568,breakingball,358,2271.2781682681566,3291.8838,R
2026,A,0000007787,黎克,ACN011,中信兄弟,136.2700476125035,145.21007913984,breakingball,328,2192.012113719514,2974.9773,R
2026,A,0000006749,魔力藍,AEO011,富邦悍將,130.68208307553877,140.09053056768,breakingball,323,2335.8581476780187,2678.0686,L
2026,A,0000007597,獅帝芬,ADD011,統一7-ELEVEn獅,139.0278376259488,150.46930267776,breakingball,323,2576.56431517028,3284.2124,R
2026,A,0000005604,勝騎士,ACN011,中信兄弟,128.80704928030192,137.47911243264,breakingball,318,2323.3412138364783,2953.7034,R
2026,A,0000006739,李東洺,AEO011,富邦悍將,131.4041036906918,141.03238305024,breakingball,306,2066.57849281046,2380.84,R
2026,A,0000002345,鄭浩均,ACN011,中信兄弟,129.81566731836278,142.65318557952,breakingball,293,2363.310558703074,3137.6907,R
2026,A,0000006906,艾菩樂,AJL011,樂天桃猿,133.09105429488005,147.1755548736,breakingball,288,1982.5450659722228,3464.1538,R
2026,A,0000007570,坎南,AKP011,台鋼雄鷹,134.15257571285952,149.32122885504,breakingball,274,2286.442870072994,2923.7893,R
2026,A,0000006497,鋼龍,AAA011,味全龍,146.2263174403409,149.98880083968,fastball,274,2388.7138762773725,2514.7532,R
2026,A,0000006555,梅賽鍶,AAA011,味全龍,140.3189730290443,145.92057232896,fastball,271,2232.91708081181,2446.9045,L
2026,A,0000007074,曾家輝,AJL011,樂天桃猿,145.98607785412298,149.54204694528,fastball,268,2290.7700429104475,2443.075,R
2026,A,0000007597,獅帝芬,ADD011,統一7-ELEVEn獅,146.09329719320712,151.34929197696,fastball,259,2283.2287135135134,2693.7336,R
2026,A,0000006176,余謙,ACN011,中信兄弟,141.10545088724828,150.2630813376,breakingball,249,1952.7570847389572,2545.6123,R
2026,A,0000007228,鈴木駿輔,AEO011,富邦悍將,133.83024029214965,146.80458498816,breakingball,248,1672.8112496370961,3452.679,R
2026,A,0000006749,魔力藍,AEO011,富邦悍將,144.89299329712392,148.5550845504,fastball,246,2494.3910626016263,2618.723,L
2026,A,0000006497,鋼龍,AAA011,味全龍,130.52171309656978,143.33261842944,breakingball,246,2372.589927642278,2803.314,R
2026,A,0000002274,黃子鵬,AKP011,台鋼雄鷹,116.26129001320336,133.16956278912,breakingball,238,2162.5983815126033,2633.9194,R
2026,A,0000005151,羅戈,ACN011,中信兄弟,150.08279887213018,154.05208866432,fastball,236,2219.9624398305086,2421.2786,R
2026,A,0000007062,威能帝,AJL011,樂天桃猿,134.4907738451507,142.32940166016,breakingball,229,2323.1833598253274,2443.1582,R
2026,A,0000006739,李東洺,AEO011,富邦悍將,146.58379759597963,151.21252992384,fastball,227,2273.239119383259,2426.9556,R
2026,A,0000002274,黃子鵬,AKP011,台鋼雄鷹,131.58002866933757,137.80566442368,fastball,225,1852.4261493333336,2100.3843,R
2026,A,0000007789,麥斯威尼,AJL011,樂天桃猿,145.45032811150023,151.0394288832,fastball,219,2276.5967963470334,2632.0437,R
2026,A,0000000762,伍鐸,AAA011,味全龍,135.56626844882203,138.73242125952,fastball,218,2252.5245756880745,2422.9038,R
2026,A,0000002679,江承諺,AKP011,台鋼雄鷹,116.50067717533906,131.96525848704,breakingball,214,2075.170328504674,2650.9094,L
2026,A,0000007074,曾家輝,AJL011,樂天桃猿,128.29072921436824,138.75424396416,breakingball,211,2499.633218957346,3040.8728,R
2026,A,0000001719,胡智爲,ADD011,統一7-ELEVEn獅,144.94709692651887,148.61751100416,fastball,210,2490.1852028571434,2679.8474,R
2026,A,0000005731,布雷克,ADD011,統一7-ELEVEn獅,142.04341641910585,144.54793064448,fastball,204,2303.2135029411775,2419.703,R
2026,A,0000002679,江承諺,AKP011,台鋼雄鷹,134.9384141845879,140.51888966016,fastball,203,2228.6417586206903,2410.122,L
2026,A,0000005604,勝騎士,ACN011,中信兄弟,145.81919409379483,150.50474043264,fastball,202,2358.8542797029695,2536.6953,R
2026,A,0000007053,艾速特,AKP011,台鋼雄鷹,134.60485319297914,143.29001909376,breakingball,201,2158.527426169156,2997.1306,L
2026,A,0000007062,威能帝,AJL011,樂天桃猿,150.17297489124482,153.68826426624,fastball,200,2572.6888984999996,2716.7012,R
2026,A,0000007264,魔神龍,AAA011,味全龍,125.80755663263513,140.49975456,breakingball,199,1970.1737879396971,2302.3333,L
2026,A,0000007779,蔣銲,AAA011,味全龍,146.903282836992,151.97769252864,fastball,185,2639.7935016216215,2885.8447,R
2026,A,0000007264,魔神龍,AAA011,味全龍,140.93959632192,148.30103350656,fastball,184,2252.5923869565227,2490.8635,L
2026,A,0000007779,蔣銲,AAA011,味全龍,131.4933096933415,151.71409807488,breakingball,182,2607.1478269230765,3162.7576,R
2026,A,0000006906,艾菩樂,AJL011,樂天桃猿,145.92936941683845,148.98772449792,fastball,179,2282.756073184357,2433.0732,R
2026,A,0000007782,威戈神,AEO011,富邦悍將,132.37025827694984,139.56007469184,breakingball,173,2179.334974566475,2525.8906,R
2026,A,0000007790,魔爾曼,AJL011,樂天桃猿,146.7195761247248,150.49028852352,fastball,170,2318.383083529411,2531.0222,R
2026,A,0000002345,鄭浩均,ACN011,中信兄弟,147.6745204313901,154.33411010688,fastball,170,2385.3898741176477,3294.477,R
2026,A,0000000368,游霆崴,AEO011,富邦悍將,125.90435956727407,135.47036143872,breakingball,164,1890.7969575609768,2414.8464,R
2026,A,0000001719,胡智爲,ADD011,統一7-ELEVEn獅,137.42154672368935,143.10924148224,breakingball,153,2155.307537254903,2515.7974,R
2026,A,0000006555,梅賽鍶,AAA011,味全龍,127.98842928070731,138.137639904,breakingball,152,2124.9746730263155,2455.1792,L
2026,A,0000007787,黎克,ACN011,中信兄弟,148.64449831751205,151.17850839168,fastball,151,2105.209869536423,2417.0984,R
2026,A,0000005731,布雷克,ADD011,統一7-ELEVEn獅,132.5988201725251,142.25509824768,breakingball,149,1611.3923297315441,3263.1023,R
2026,A,0000000762,伍鐸,AAA011,味全龍,127.7100809137372,136.4348734848,breakingball,147,2375.116969387757,2763.4172,R
2026,A,0000006160,李超,AAA011,味全龍,146.4994622943122,150.521541984,fastball,146,2535.6250068493136,2702.288,R
2026,A,0000007228,鈴木駿輔,AEO011,富邦悍將,148.04238118174018,152.158647168,fastball,145,2250.6920434482763,2509.7974,R
2026,A,0000000773,李吳永勤,AEO011,富邦悍將,138.90661492978293,143.7256041408,fastball,140,2266.0880085714307,2505.2268,L
2026,A,0000000771,陳琥,ACN011,中信兄弟,129.56768338325182,138.18851126784,breakingball,139,1965.5829791366905,2871.8765,R
2026,A,0000006507,後勁,AKP011,台鋼雄鷹,145.97912227536,150.36979693824,fastball,136,2377.8874867647055,2654.774,R
2026,A,0000007778,喬登,ADD011,統一7-ELEVEn獅,150.66973594567222,153.82285370496,fastball,133,2331.249245864662,2538.5996,R
2026,A,0000006832,陳柏清,AKP011,台鋼雄鷹,143.90725583495816,147.37823565696,fastball,131,2150.196920610687,2295.3152,L
2026,A,0000007570,坎南,AKP011,台鋼雄鷹,146.0039889613292,149.90577478272,fastball,130,2201.596313076923,2461.8904,R
2026,A,0000006295,銳力獅,ADD011,統一7-ELEVEn獅,133.48786791396574,142.25913770112,breakingball,126,2231.798569841271,2614.1074,R
2026,A,0000000941,陳冠宇,AJL011,樂天桃猿,128.48001316660222,138.3912725184,breakingball,125,1906.6802212800008,2554.7761,L
2026,A,0000005555,陳冠偉,AAA011,味全龍,145.1417016749429,147.6560245248,fastball,122,2333.363090163935,2570.5515,R
2026,A,0000006237,林子崴,AJL011,樂天桃猿,145.05755738772982,147.8229134976,fastball,122,2041.335354098361,2192.838,L
2026,A,0000000771,陳琥,ACN011,中信兄弟,146.51612523081596,151.70096582784,fastball,120,2413.2083125000004,2619.0454,R
2026,A,0000006227,曾峻岳,AEO011,富邦悍將,152.37244415407733,155.15254199808,fastball,118,2440.6996669491523,2567.4094,R
2026,A,0000005541,郭郁政,AAA011,味全龍,142.96965296531258,148.54360992768,fastball,113,2153.2280380530974,2387.5217,R
2026,A,0000006237,林子崴,AJL011,樂天桃猿,132.5703186652114,136.82531643264,breakingball,112,1825.6366491071433,2259.9587,L
2026,A,0000005561,李建勳,AEO011,富邦悍將,148.44579268262396,153.03551433984,fastball,110,2196.72717909091,2502.9731,R
2026,A,0000003639,呂彥青,ACN011,中信兄弟,127.75288176576001,136.15695586944,breakingball,110,2230.4992563636365,2721.549,L
2026,A,0000005790,張奕,AEO011,富邦悍將,148.71671997474067,153.06161789952,fastball,109,2254.300282568807,2430.0793,R
2026,A,0000005541,郭郁政,AAA011,味全龍,131.4769035014579,138.2063588928,breakingball,107,1950.9361829906547,3526.4346,R
2026,A,0000001821,林子昱,AAA011,味全龍,142.64321684297144,147.57262831872,fastball,105,2311.700051428571,2517.3066,R
2026,A,0000005790,張奕,AEO011,富邦悍將,137.10350273181257,146.13368166144,breakingball,105,2061.6056990476186,2731.4712,R
2026,A,0000007782,威戈神,AEO011,富邦悍將,142.2570563860431,145.57068484992,fastball,104,2367.7756836538465,2545.155,R
2026,A,0000001603,王維中,AKP011,台鋼雄鷹,128.5811087238277,139.01949604224,breakingball,104,2110.771419807693,2595.3643,L
2026,A,0000007290,張宥謙,ADD011,統一7-ELEVEn獅,143.70358194124037,148.61401872768,fastball,101,2256.0412554455443,2405.7498,R
2026,A,0000002280,廖任磊,AEO011,富邦悍將,148.38337375989866,153.09008719488,fastball,101,2117.1159930693057,2267.7083,R
2026,A,0000005788,林凱威,AAA011,味全龍,152.31172358016,155.2576804416,fastball,99,2533.792467676768,2663.05,R
2026,A,0000007053,艾速特,AKP011,台鋼雄鷹,146.15176817340003,149.73444402048,fastball,96,2363.9270572916657,2597.8247,L
2026,A,0000006870,林栚呈,AEO011,富邦悍將,142.08477265487997,145.1667716928,fastball,96,2330.0628260416665,2528.5623,R
2026,A,0000003331,李振昌,ACN011,中信兄弟,144.43409954109978,148.73216067072,fastball,95,2285.0151168421053,2436.2363,R
2026,A,0000006832,陳柏清,AKP011,台鋼雄鷹,127.88463819692461,136.4445295488,breakingball,95,2118.477915789473,2858.4849,L
2026,A,0000000128,朱承洋,AJL011,樂天桃猿,133.46023886839743,148.44350873088,breakingball,93,2421.83120967742,2596.8423,R
2026,A,0000006006,德保拉,ACN011,中信兄弟,143.2848364869368,147.66601855104,fastball,93,2066.8027602150546,2205.0186,L
2026,A,0000003639,呂彥青,ACN011,中信兄弟,141.8359384803757,146.1794514048,fastball,92,2383.127219565218,2566.2832,L
2026,A,0000001821,林子昱,AAA011,味全龍,129.45521642913394,139.42134923904,breakingball,92,1858.1233478260872,2434.5833,R
2026,A,0000000778,蔡齊哲,ACN011,中信兄弟,128.89841050178106,141.42161899008,breakingball,91,2326.9947186813192,3509.7446,R
2026,A,0000007299,陳品宏,AEO011,富邦悍將,139.705500201344,143.16109454592,fastball,90,2357.125198888888,2458.071,L
2026,A,0000001260,郭俊麟,ADD011,統一7-ELEVEn獅,132.21796627728003,139.30682832,breakingball,88,2421.431242045455,2698.2058,R
2026,A,0000006870,林栚呈,AEO011,富邦悍將,129.6306308716138,136.0363194432,breakingball,87,1828.1591218390806,2202.9749,R
2026,A,0000000368,游霆崴,AEO011,富邦悍將,137.1354764226207,141.9054360768,fastball,87,2112.2457839080457,2298.3254,R
2026,A,0000005789,林鋅杰,AAA011,味全龍,129.14262005640822,138.83437320192,breakingball,87,1891.1768359770115,2729.468,R
2026,A,0000005789,林鋅杰,AAA011,味全龍,145.09427523679258,148.76980322688,fastball,86,2496.83271627907,2698.628,R
2026,A,0000002280,廖任磊,AEO011,富邦悍將,130.57848919496936,138.37793105664,breakingball,86,2116.385293023256,2411.2683,R
2026,A,0000005479,江國豪,AEO011,富邦悍將,129.93764055458234,135.7825258944,breakingball,86,2265.3695930232566,2560.9182,R
2026,A,0000007593,石梓霖,AEO011,富邦悍將,146.34204645847345,150.24019646592,fastball,85,2424.038329411765,2645.853,R
2026,A,0000000941,陳冠宇,AJL011,樂天桃猿,146.75865181974854,149.7045585024,fastball,84,2269.9650273809516,2375.2627,L
2026,A,0000005555,陳冠偉,AAA011,味全龍,133.53579868254073,138.97359755136,breakingball,83,2036.673874698796,3512.3452,R
2026,A,0000005509,莊昕諺,AJL011,樂天桃猿,130.1318918632713,141.44096330496,breakingball,83,2345.2147144578316,2640.2012,R
2026,A,0000005788,林凱威,AAA011,味全龍,139.314515488999,147.24546477696,breakingball,82,2616.449884146341,3192.8591,R
2026,A,0000006006,德保拉,ACN011,中信兄弟,126.43328627192193,136.89075235968,breakingball,82,1968.9260060975612,2354.5132,L
2026,A,0000006818,髙塩將樹,ADD011,統一7-ELEVEn獅,142.24635076764443,146.28730963968,fastball,81,2244.164256790125,2369.1814,R
2026,A,0000001260,郭俊麟,ADD011,統一7-ELEVEn獅,143.86120505222402,147.88505026944,fastball,80,2338.0717212500003,2506.1174,R
2026,A,0000007622,錢可倫,ACN011,中信兄弟,123.78273600528003,131.5205001792,breakingball,80,2284.2160762499993,2558.0435,L
2026,A,0000006949,林詩翔,AKP011,台鋼雄鷹,129.89139445345205,138.6427325184,breakingball,79,2160.9860493670885,2719.038,R
2026,A,0000005509,莊昕諺,AJL011,樂天桃猿,146.63851347958155,151.6867875072,fastball,78,2521.455282051282,2661.6052,R
2026,A,0000005552,呂偉晟,AAA011,味全龍,148.04304458605714,153.331858944,fastball,77,1944.5204519480512,2308.3342,R
2026,A,0000001603,王維中,AKP011,台鋼雄鷹,140.63964763422314,146.42268765696,fastball,76,2127.3573605263146,2339.9905,L
2026,A,0000006767,許育銘,AKP011,台鋼雄鷹,137.33805557683203,142.27455521664,fastball,75,2125.255398666667,2317.091,L
2026,A,0000000773,李吳永勤,AEO011,富邦悍將,121.36832326936215,141.4628664768,breakingball,74,2343.5506608108108,2736.092,L
2026,A,0000003292,賴鴻誠,AEO011,富邦悍將,142.26259974803025,146.9693979072,fastball,74,2090.8837364864867,2295.481,L
2026,A,0000005561,李建勳,AEO011,富邦悍將,135.35838350365805,140.64422537088,breakingball,73,1524.6720236986305,2059.612,R
2026,A,0000006949,林詩翔,AKP011,台鋼雄鷹,145.47410431664,149.0514867072,fastball,72,2367.021386111113,2573.9841,R
2026,A,0000005558,蘇俊璋,AJL011,樂天桃猿,131.25926654367993,136.86204166272,breakingball,72,2168.8878812500006,3468.1145,R
2026,A,0000007299,陳品宏,AEO011,富邦悍將,126.43067037920004,138.8205650304,breakingball,72,2232.4327680555557,2619.0325,L
2026,A,0000005315,高偉強,ADD011,統一7-ELEVEn獅,144.20215205057823,147.4801232256,fastball,70,2155.2256242857134,2418.8718,R
2026,A,0000005479,江國豪,AEO011,富邦悍將,143.56840460222114,148.80709172736,fastball,68,2236.1133500000005,2385.4353,R
2026,A,0000006228,王志煊,AJL011,樂天桃猿,135.5691981171388,138.40747861248,fastball,68,2179.884842647059,2363.1624,L
2026,A,0000007293,鍾允華,ADD011,統一7-ELEVEn獅,151.92187783651337,154.89313183872,fastball,67,2260.4528298507457,2417.0886,R
2026,A,0000000128,朱承洋,AJL011,樂天桃猿,148.1189867416025,152.02685798784,fastball,65,2478.114463076924,2591.8906,R
2026,A,0000007580,韋宏亮,AKP011,台鋼雄鷹,147.50523295346215,149.88195649152,fastball,65,2473.9453692307698,2682.3455,R
2026,A,0000007622,錢可倫,ACN011,中信兄弟,138.37633654877996,142.07829571584,fastball,64,2248.4272453125004,2393.604,L
2026,A,0000006850,鄭副豪,ADD011,統一7-ELEVEn獅,148.35402230729144,151.38501941376,fastball,63,2394.220633333334,2621.24,R
2026,A,0000007283,陳冠穎,ACN011,中信兄弟,130.2065751509884,136.46908813824,breakingball,62,1704.6297548387097,2733.8398,R
2026,A,0000007290,張宥謙,ADD011,統一7-ELEVEn獅,127.19837834035201,134.64154927872,breakingball,60,1640.9747168333336,2939.4148,R
2026,A,0000002348,施子謙,AKP011,台鋼雄鷹,133.1216561642522,137.48743274112,breakingball,59,1974.6544474576274,2584.3645,R
2026,A,0000007783,阿部雄大,AEO011,富邦悍將,127.16529071869832,132.2278068672,breakingball,59,1555.2352050847455,2717.7551,L
2026,A,0000006833,陳宇宏,AKP011,台鋼雄鷹,132.32936029238235,137.01620072448,fastball,59,2308.781333898304,2482.9763,R
2026,A,0000007581,黃暐傑,AAA011,味全龍,151.0858150871431,154.9861036416,fastball,59,2522.4377440677968,2688.3325,R
2026,A,0000003292,賴鴻誠,AEO011,富邦悍將,129.42959439386482,140.36986440576,breakingball,58,1775.3646155172416,2100.1462,L
2026,A,0000005558,蘇俊璋,AJL011,樂天桃猿,144.18215783026756,147.75013896192,fastball,58,2177.076518965517,2309.1902,R
2026,A,0000007778,喬登,ADD011,統一7-ELEVEn獅,138.86792040111158,142.34417543808,breakingball,57,2006.002801754386,2427.205,R
2026,A,0000006295,銳力獅,ADD011,統一7-ELEVEn獅,146.1446042216914,149.54742215424,fastball,56,2396.795128571429,2534.4324,R
2026,A,0000006127,李其峰,ADD011,統一7-ELEVEn獅,145.26070324991997,147.90503832192,fastball,55,2164.2868545454544,2336.311,R
2026,A,0000000998,邱浩鈞,ADD011,統一7-ELEVEn獅,142.168440047616,145.71335319552,fastball,55,2305.0953963636366,2404.107,R
2026,A,0000002348,施子謙,AKP011,台鋼雄鷹,143.3520545365333,146.07506935296,fastball,54,2363.8377611111105,2635.0388,R
2026,A,0000006720,邱駿威,AJL011,樂天桃猿,129.70499951082664,137.11317979392,breakingball,54,2110.4443222222217,2509.9226,R
2026,A,0000007783,阿部雄大,AEO011,富邦悍將,143.0085749288533,147.06650572416,fastball,54,2471.4409333333333,2651.169,L
2026,A,0000006160,李超,AAA011,味全龍,127.33028463123694,134.47033117056,breakingball,52,2424.0186692307693,3358.8606,R
2026,A,0000001390,王躍霖,AKP011,台鋼雄鷹,141.6544953997292,146.05080044544,fastball,52,2229.6507461538463,2496.0083,R
2026,A,0000006818,髙塩將樹,ADD011,統一7-ELEVEn獅,123.15233109611523,132.58477545984,breakingball,50,1507.4157129999994,2504.6187,R
2026,A,0000007292,李軍,ADD011,統一7-ELEVEn獅,146.64103154173438,152.54377928064,fastball,50,2435.693268,2578.7388,L
2026,A,0000006720,邱駿威,AJL011,樂天桃猿,144.499244769792,147.399414624,fastball,50,2195.489632,2356.4185,R
2026,A,0000007276,伍立辰,ACN011,中信兄弟,131.26570984295998,144.46974871296,breakingball,48,2131.0626708333325,2623.7295,R
2026,A,0000000776,王凱程,ACN011,中信兄弟,135.80424265056,144.50088951936,breakingball,48,2113.0213145833336,2533.1865,R
2026,A,0000007073,賴胤豪,AJL011,樂天桃猿,149.24471071128505,152.8958876544,fastball,47,2245.1179574468083,2425.1062,R
2026,A,0000001232,江忠城,ACN011,中信兄弟,132.89144212248507,136.7233483968,breakingball,47,2444.1108712765963,3364.3757,R
2026,A,0000007593,石梓霖,AEO011,富邦悍將,134.30621985702132,139.11293455488,breakingball,47,1813.151021276596,2328.862,R
2026,A,0000007049,林暉盛,ACN011,中信兄弟,135.280516923047,138.73465824768,breakingball,46,1799.0254347826092,2439.3223,R
2026,A,0000006227,曾峻岳,AEO011,富邦悍將,136.608450891264,146.16739741824,breakingball,45,2325.4827288888887,3470.7976,R
2026,A,0000007283,陳冠穎,ACN011,中信兄弟,141.21338048352004,145.42383220992,fastball,44,2185.0506250000003,2369.183,R
2026,A,0000007293,鍾允華,ADD011,統一7-ELEVEn獅,138.18757565375998,145.09383622272,breakingball,44,1911.9166590909097,2554.584,R
2026,A,0000003608,曾仁和,AAA011,味全龍,129.99521521044838,140.2393627008,breakingball,43,2060.0529534883713,2588.2593,R
2026,A,0000000778,蔡齊哲,ACN011,中信兄弟,140.36342628122785,142.72645901184,fastball,43,2147.3885976744186,2305.1504,R
2026,A,0000007061,辛俊昇,ADD011,統一7-ELEVEn獅,143.2665425965714,146.38103783424,fastball,42,2069.6230142857144,2202.7124,L
2026,A,0000005315,高偉強,ADD011,統一7-ELEVEn獅,130.55707137490282,135.80689136256,breakingball,42,2048.036081666667,2713.112,R
2026,A,0000001232,江忠城,ACN011,中信兄弟,145.14488193216,148.36576132224,fastball,42,2394.935061904762,2579.5461,R
2026,A,0000000998,邱浩鈞,ADD011,統一7-ELEVEn獅,133.57298607762732,139.569956064,breakingball,41,1959.4055487804876,2624.74,R
2026,A,0000007047,盧冠宇,AJL011,樂天桃猿,146.3072639351883,149.12055975168,fastball,41,2239.3937268292684,2440.7175,R
2026,A,0000006127,李其峰,ADD011,統一7-ELEVEn獅,131.07727231825174,135.34628101632,breakingball,41,1727.7578292682929,2063.1577,R
2026,A,0000000938,張瑞麟,AEO011,富邦悍將,141.1840703951298,143.79184473984,fastball,41,2260.136624390244,2373.1792,L
2026,A,0000000363,陳仕朋,AEO011,富邦悍將,132.14311352985595,138.77310547584,breakingball,40,2049.3972700000004,2671.0857,L
2026,A,0000006910,王伯洋,AAA011,味全龍,139.40622341712003,147.67969797504,fastball,40,2307.6337700000004,2513.857,L
2026,A,0000002303,黃竣彥,ADD011,統一7-ELEVEn獅,144.51819285592617,148.74405372288,fastball,39,2329.1335179487182,2529.663,R
2026,A,0000002303,黃竣彥,ADD011,統一7-ELEVEn獅,130.69933833236212,136.03356746496,breakingball,38,2099.1508331578952,2489.4233,R
2026,A,0000001390,王躍霖,AKP011,台鋼雄鷹,130.74639300985262,138.54739497984,breakingball,38,2305.785263157895,2537.8904,R
2026,A,0000007073,賴胤豪,AJL011,樂天桃猿,134.4570578941642,142.13489634432,breakingball,38,1735.6931613157894,2246.713,R
2026,A,0000000363,陳仕朋,AEO011,富邦悍將,140.23445504862315,143.85583225728,fastball,38,2366.9698684210534,2489.1018,L
2026,A,0000007276,伍立辰,ACN011,中信兄弟,145.35100939391995,148.05132769152,fastball,38,2335.0171894736854,2462.8682,R
2026,A,0000005572,魏碩成,ACN011,中信兄弟,129.17838531954163,135.00418276224,breakingball,37,1473.7923567567566,1677.6124,L
2026,A,0000006850,鄭副豪,ADD011,統一7-ELEVEn獅,135.41657281266168,140.16748939776,breakingball,37,2320.419975675676,2722.2031,R
2026,A,0000006910,王伯洋,AAA011,味全龍,124.83769008508544,130.81800542976,breakingball,37,2255.2878162162165,2572.9907,L
2026,A,0000006878,吳君奕,AAA011,味全龍,134.1996173269103,140.40092474496,breakingball,37,2181.9945675675676,2623.8606,R
2026,A,0000003506,謝榮豪,ACN011,中信兄弟,127.34456855648003,130.39664698368,breakingball,36,2218.8112361111107,2437.0107,R
2026,A,0000006860,劉家翔,AJL011,樂天桃猿,144.81720424330973,148.11286900608,fastball,35,2362.8473571428563,2478.0103,R
2026,A,0000006215,趙璟榮,AAA011,味全龍,134.79484343303318,140.73660171648,breakingball,35,1984.9641142857145,2659.2632,R
2026,A,0000002272,賴智垣,AKP011,台鋼雄鷹,138.54625832316339,148.993872192,breakingball,35,2013.2105685714291,2383.2593,R
2026,A,0000001412,江少慶,ADD011,統一7-ELEVEn獅,149.07813330552685,154.86030122112,fastball,35,2355.251611428571,2544.022,R
2026,A,0000006918,李欣穎,AKP011,台鋼雄鷹,142.6341844335812,148.1418854784,fastball,34,2429.8176823529407,2552.988,R
2026,A,0000006833,陳宇宏,AKP011,台鋼雄鷹,114.01839285594353,130.81621905792,breakingball,34,2094.805497058823,2376.2334,R
2026,A,0000005552,呂偉晟,AAA011,味全龍,128.87311515648003,145.99914050304,breakingball,33,2257.0194515151516,2707.2869,R
2026,A,0000005572,魏碩成,ACN011,中信兄弟,137.49790303259996,140.22618217344,fastball,32,1949.6621187500004,2070.6316,L
2026,A,0000007580,韋宏亮,AKP011,台鋼雄鷹,134.82720772884,138.30612212736,breakingball,32,2480.7321668749996,2827.259,R
2026,A,0000007047,盧冠宇,AJL011,樂天桃猿,137.051728066176,141.48850332672,breakingball,30,2204.5205333333333,2477.0117,R
2026,A,0000003608,曾仁和,AAA011,味全龍,142.559071678848,145.23904733184,fastball,30,2059.992473333333,2251.8398,R
2026,A,0000006848,林詔恩,ADD011,統一7-ELEVEn獅,142.84383290932965,144.62133282432,fastball,29,2339.4546206896543,2444.4868,L
2026,A,0000000938,張瑞麟,AEO011,富邦悍將,127.61180176682667,134.28802468224,breakingball,27,2161.4008777777776,2531.7646,L
2026,A,0000006215,趙璟榮,AAA011,味全龍,148.16976646912,151.09298785152,fastball,27,2284.092403703704,2431.0347,R
2026,A,0000003331,李振昌,ACN011,中信兄弟,129.42310008038402,132.19697183616,breakingball,25,1819.4421480000005,1949.5272,R
2026,A,0000007581,黃暐傑,AAA011,味全龍,125.2340433096192,137.1996337536,breakingball,25,2950.88238,3213.314,R
2026,A,0000006767,許育銘,AKP011,台鋼雄鷹,111.5558211677184,120.60629932032,breakingball,25,2060.9147759999996,2358.1113,L
2026,A,0000007049,林暉盛,ACN011,中信兄弟,147.89094315071998,149.69826596736,fastball,24,2466.686625,2616.1067,R
2026,A,0000007305,李致霖,AAA011,味全龍,145.6839616760765,148.06669692672,fastball,23,2113.604591304347,2222.339,R
2026,A,0000006228,王志煊,AJL011,樂天桃猿,123.23567846592,134.02356118272,breakingball,22,1934.6698318181816,2214.3342,L
2026,A,0000005482,吳承諭,ADD011,統一7-ELEVEn獅,137.2463339904,142.64523542016,fastball,22,2064.4141681818187,2216.812,R
2026,A,0000007061,辛俊昇,ADD011,統一7-ELEVEn獅,129.67092281664003,134.51223848832,breakingball,22,1610.1015372727272,3268.382,L
2026,A,0000000779,陳柏豪,AJL011,樂天桃猿,143.24790548735996,145.07265725568,fastball,22,2288.9462136363636,2452.6606,R
2026,A,0000006176,余謙,ACN011,中信兄弟,146.815708773888,150.03386247168,fastball,20,2027.88933,2276.5146,R
2026,A,0000002272,賴智垣,AKP011,台鋼雄鷹,145.62920462111998,147.83432374656,fastball,20,1907.3766350000005,2012.8231,R
2026,A,0000006918,李欣穎,AKP011,台鋼雄鷹,129.6264454381137,132.40248506496,breakingball,19,2468.55662631579,2771.2444,R
2026,A,0000001412,江少慶,ADD011,統一7-ELEVEn獅,135.8970569777179,142.99734379392,breakingball,19,2365.5518578947363,2616.9739,R
2026,A,0000006922,黃紹睿,AKP011,台鋼雄鷹,145.20926091546946,146.95866358272,fastball,19,2421.7743105263157,2493.402,R
2026,A,0000005482,吳承諭,ADD011,統一7-ELEVEn獅,127.66564188409266,132.1071865344,breakingball,19,1301.8051968421053,1559.0824,R
2026,A,0000006222,劉予承,ADD011,統一7-ELEVEn獅,145.64573424067765,147.8374780608,fastball,17,2225.400752941176,2347.711,R
2026,A,0000006982,黃群,AKP011,台鋼雄鷹,127.80463653144,131.27333712768,breakingball,16,1903.8439437499999,2813.4976,L
2026,A,0000002695,林子崴,ADD011,統一7-ELEVEn獅,140.91623769959998,144.89316711936,fastball,16,2148.27569375,2287.8816,L
2026,A,0000006860,劉家翔,AJL011,樂天桃猿,128.56854887712,137.19501493632,breakingball,16,2087.2283312500003,2397.6013,R
2026,A,0000000779,陳柏豪,AJL011,樂天桃猿,132.441397929984,137.09418953472,breakingball,15,2366.8753533333334,2558.5227,R
2026,A,0000007619,王奕翔,AJL011,樂天桃猿,145.48153179044573,147.90091840128,fastball,14,2272.348557142857,2343.985,R
2026,A,0000006878,吳君奕,AAA011,味全龍,147.2073431314708,149.80243880448,fastball,13,2155.3136923076922,2439.4434,R
2026,A,0000005282,姚杰宏,ADD011,統一7-ELEVEn獅,140.76501158990766,142.73732208384,fastball,13,2208.1643153846153,2389.633,R
2026,A,0000007568,王偉軒,AEO011,富邦悍將,131.97991290528,139.4200456704,breakingball,12,2125.1451333333334,2349.114,R
2026,A,0000001524,劉昱言,AEO011,富邦悍將,123.62393490048002,128.51213734656,breakingball,11,2549.346736363637,2723.8853,L
2026,A,0000007568,王偉軒,AEO011,富邦悍將,141.31103364864,142.89814382976,fastball,11,2326.7381454545457,2514.4587,R
2026,A,0000006848,林詔恩,ADD011,統一7-ELEVEn獅,134.80293722112,138.92456083968,breakingball,11,1498.036767272727,2571.8745,L
2026,A,0000007292,李軍,ADD011,統一7-ELEVEn獅,129.06449639424,133.83774632448,breakingball,10,2612.0851200000006,3004.252,L
2026,A,0000006982,黃群,AKP011,台鋼雄鷹,144.24003989119998,146.117974464,fastball,9,2291.2734555555558,2366.0112,L
2026,A,0000003506,謝榮豪,ACN011,中信兄弟,142.68466434816003,144.87433779456,fastball,9,2072.5707444444442,2158.0068,R
2026,A,0000007305,李致霖,AAA011,味全龍,129.78074183862856,132.77277902592,breakingball,7,2221.6093285714287,2580.7017,R
2026,A,0000000776,王凱程,ACN011,中信兄弟,139.13690688329143,140.39694966528,fastball,7,2290.087828571429,2369.62,R
2026,A,0000002695,林子崴,ADD011,統一7-ELEVEn獅,115.63539297868799,120.09378763008,breakingball,5,2563.49832,2758.5742,L
2026,A,0000006922,黃紹睿,AKP011,台鋼雄鷹,130.03967839104,133.40694102912,breakingball,4,2383.559475,2582.256,R
2026,A,0000005282,姚杰宏,ADD011,統一7-ELEVEn獅,123.52115524320001,133.13159836416,breakingball,4,2180.13685,2468.6074,R
2026,A,0000006222,劉予承,ADD011,統一7-ELEVEn獅,121.31298909312,122.3625281472,breakingball,3,2362.7631,2413.1555,R
2026,A,0000007619,王奕翔,AJL011,樂天桃猿,136.52985696768,136.81561208832,breakingball,3,2110.7589666666668,2548.7935,R
2026,A,0000001524,劉昱言,AEO011,富邦悍將,141.79217044608,142.90084752768,fastball,2,2211.92735,2251.9624,L
2026,D,0000006724,曹祐齊,AAA022,味全龍二軍,135.80290555392,144.24830297856,fastball,216,2048.9301671296284,2351.6838,R
2026,D,0000006724,曹祐齊,AAA022,味全龍二軍,126.68532294070768,135.41070305664,breakingball,194,1837.3729257731973,2310.6506,R
2026,D,0000006874,盧孟揚,ACN022,中信兄弟二軍,131.59120273812488,141.81513578496,breakingball,150,2351.2655200000004,3055.6167,R
2026,D,0000007783,阿部雄大,AEO022,富邦悍將二軍,143.38561369240207,147.26558157696,fastball,148,2472.705810135135,2732.346,L
2026,D,0000007281,游竣宥,ACN022,中信兄弟二軍,122.82525720583891,132.96470939136,breakingball,146,2563.60764589041,2869.0955,L
2026,D,0000007049,林暉盛,ACN022,中信兄弟二軍,129.60029562744,140.33062859904,breakingball,144,2069.842720486111,3216.0532,R
2026,D,0000003608,曾仁和,AAA022,味全龍二軍,127.40328551902569,141.75705456,breakingball,134,2020.7235022388063,2615.3284,R
2026,D,0000004624,陳克羿,AJL022,樂天桃猿二軍,131.84867063808002,147.32028317952,breakingball,127,2780.9219204724404,3079.7595,R
2026,D,0000004624,陳克羿,AJL022,樂天桃猿二軍,146.3874987014709,150.13428553728,fastball,124,2277.450672580645,2455.8728,R
2026,D,0000006711,李承鴻,ADD022,統一7-ELEVEn獅二軍,139.1230664136465,143.828280288,fastball,124,2352.240254838709,2506.7285,R
2026,D,0000006006,德保拉,ACN022,中信兄弟二軍,142.85323284291144,146.9088865728,fastball,122,2082.399852459015,2224.35,L
2026,D,0000007772,◎莊孟源,AJL022,樂天桃猿二軍,142.3308331782982,145.79270994816,fastball,121,2288.9964289256204,2454.6038,R
2026,D,0000007303,黃子豪,AKP022,台鋼雄鷹二軍,132.59639371651204,147.07981499904,breakingball,120,2322.9587295000006,2731.736,R
2026,D,0000005541,郭郁政,AAA022,味全龍二軍,140.8705522862037,146.547266976,fastball,119,2155.3624218487394,2429.5627,R
2026,D,0000006874,盧孟揚,ACN022,中信兄弟二軍,147.01303286262151,150.81981780096,fastball,117,2491.8191923076924,2723.97,R
2026,D,0000007783,阿部雄大,AEO022,富邦悍將二軍,124.51179443417388,134.0554583808,breakingball,116,1950.562159482759,2693.839,L
2026,D,0000007303,黃子豪,AKP022,台鋼雄鷹二軍,147.60126778471513,151.62222062592,fastball,115,2451.89743826087,2584.2273,R
2026,D,0000005541,郭郁政,AAA022,味全龍二軍,130.93896781874528,136.1317535424,breakingball,114,2007.873766929825,3347.0583,R
2026,D,0000004629,*楊彬,AJL022,樂天桃猿二軍,140.14769825325178,144.34291631232,fastball,102,2182.834603921568,2373.2012,R
2026,D,0000007793,◎榊原元稀,AJL022,樂天桃猿二軍,122.08854521370121,139.04165670912,breakingball,98,1667.9379709183668,2641.298,R
2026,D,0000006006,德保拉,ACN022,中信兄弟二軍,129.91678670387995,145.39880691072,breakingball,96,1856.0767312500002,2333.5037,L
2026,D,0000007582,◎吳東霖,AAA022,味全龍二軍,140.91333551592,145.98885679488,fastball,96,2354.808082291667,2487.2507,R
2026,D,0000007281,游竣宥,ACN022,中信兄弟二軍,138.12768862596,141.7414439232,fastball,96,2441.214281249999,2590.7405,L
2026,D,0000007049,林暉盛,ACN022,中信兄弟二軍,145.80771550861243,148.67044232832,fastball,87,2486.033725287358,2681.8486,R
2026,D,0000006860,劉家翔,AJL022,樂天桃猿二軍,143.47399645982117,148.14306029952,fastball,85,2369.9395352941187,2528.0818,R
2026,D,0000007264,魔神龍,AAA022,味全龍二軍,123.99919421019425,129.99595251456,breakingball,84,2021.9702821428568,2287.954,L
2026,D,0000003334,*鄭凱文,ACN022,中信兄弟二軍,123.96534566849557,138.23028983808,breakingball,82,2163.644898780488,2652.4827,R
2026,D,0000007295,陳鐿中,AEO022,富邦悍將二軍,142.32530617770672,146.96542282752,fastball,81,2060.864311111111,2357.465,R
2026,D,0000007793,◎榊原元稀,AJL022,樂天桃猿二軍,139.043935339056,142.74536880384,fastball,80,2009.845563750001,2161.6199,R
2026,D,0000006771,陳正毅,AKP022,台鋼雄鷹二軍,142.63851365881527,145.37255851008,fastball,79,2330.591372151898,2556.9263,R
2026,D,0000007279,鄧朝駿,ACN022,中信兄弟二軍,131.46695276514464,139.98878784,breakingball,78,2004.4879192307692,2371.9648,R
2026,D,0000007788,*陶樂,ACN022,中信兄弟二軍,134.76855619913138,145.67937994368,breakingball,77,2382.09988961039,2865.2046,R
2026,D,0000003608,曾仁和,AAA022,味全龍二軍,139.0393162631315,142.86080704896,fastball,77,2106.33295974026,2264.3213,R
2026,D,0000006881,*鄭展昊,AAA022,味全龍二軍,143.74221106882553,148.98774059136,fastball,75,1843.5574906666666,2220.9822,R
2026,D,0000006857,舒治浩,AJL022,樂天桃猿二軍,147.4500787304303,151.59098325888,fastball,74,2366.116066216216,2551.4172,R
2026,D,0000007063,*周彥農,ADD022,統一7-ELEVEn獅二軍,134.99105536527773,142.1535969216,breakingball,73,2011.1617332876704,2406.6284,R
2026,D,0000007264,魔神龍,AAA022,味全龍二軍,139.285631650176,142.44815515392,fastball,70,2288.2897271428574,2408.9226,L
2026,D,0000007314,*王宇翔,AJL022,樂天桃猿二軍,145.6872912488777,148.85459956224,fastball,70,2199.4183257142854,2434.136,R
2026,D,0000005479,江國豪,AEO022,富邦悍將二軍,124.65788882342396,132.2356121856,breakingball,70,2140.475567142858,2565.2917,R
2026,D,0000007276,伍立辰,ACN022,中信兄弟二軍,126.84308047669032,139.04621115264,breakingball,70,2352.057984285714,2771.467,R
2026,D,0000007083,林柏佑,AAA022,味全龍二軍,129.76626381627221,132.25643709696,fastball,67,2067.1428686567174,2626.8762,R
2026,D,0000007316,*賴威誠,AJL022,樂天桃猿二軍,143.59900089152956,147.62655743616,fastball,67,2168.196823880597,2380.8816,R
2026,D,0000006867,*徐基麟,ACN022,中信兄弟二軍,141.8969686990376,144.28877798016,fastball,65,2162.968612307693,2273.2466,R
2026,D,0000007081,黃侰程,AAA022,味全龍二軍,124.7233716690314,130.79713223808,breakingball,65,2076.4139461538457,2480.5693,L
2026,D,0000007581,黃暐傑,AAA022,味全龍二軍,151.06255415064,153.99326714112,fastball,64,2507.9912343750007,2674.0544,R
2026,D,0000007611,*林紘維,AAA022,味全龍二軍,140.18362231698,143.21315682432,fastball,64,2353.3012343750006,2516.823,L
2026,D,0000006771,陳正毅,AKP022,台鋼雄鷹二軍,131.3929938976914,135.52641489024,breakingball,63,2224.0797031746033,2536.555,R
2026,D,0000007772,◎莊孟源,AJL022,樂天桃猿二軍,122.22156570624003,143.69729577984,breakingball,62,2040.0448677419351,2358.4216,R
2026,D,0000007081,黃侰程,AAA022,味全龍二軍,139.236826684032,142.32195039744,fastball,60,2419.010098333333,2557.9758,L
2026,D,0000006867,*徐基麟,ACN022,中信兄弟二軍,128.38306822598398,135.06591719808,breakingball,60,2004.294175,2505.0732,R
2026,D,0000006711,李承鴻,ADD022,統一7-ELEVEn獅二軍,127.57650702433625,133.5722528448,breakingball,59,1677.7129762711863,2149.3843,R
2026,D,0000007228,鈴木駿輔,AEO022,富邦悍將二軍,132.06327517420473,145.73649556224,breakingball,59,1750.8640042372888,3276.775,R
2026,D,0000007630,*邱立璿,AKP022,台鋼雄鷹二軍,140.2192611618207,145.36282197888,fastball,58,2052.5677827586214,2245.6772,R
2026,D,0000007788,*陶樂,ACN022,中信兄弟二軍,144.63042307685052,148.0923176832,fastball,57,2415.144812280702,2585.6907,R
2026,D,0000004626,王奕凱,ACN022,中信兄弟二軍,143.9077542928457,147.22071306624,fastball,56,2319.04425,2453.156,L
2026,D,0000006222,劉予承,ADD022,統一7-ELEVEn獅二軍,142.22931253343995,146.01801810816,fastball,56,2174.930258928571,2308.3403,R
2026,D,0000000776,王凱程,ACN022,中信兄弟二軍,138.3957493685486,145.44485024256,breakingball,56,2222.9142267857137,2520.7024,R
2026,D,0000007077,*郭玟毅,AJL022,樂天桃猿二軍,140.78242559231998,146.01003576192,fastball,55,2201.534301818183,2329.2139,R
2026,D,0000007582,◎吳東霖,AAA022,味全龍二軍,126.67467000499204,132.60991341312,breakingball,55,2019.384289090909,2385.5115,R
2026,D,0000007794,*馬奎爾,ACN022,中信兄弟二軍,145.50256190361603,148.42356895872,fastball,55,2378.066776363637,2509.4404,R
2026,D,0000007619,王奕翔,AJL022,樂天桃猿二軍,145.1680830101334,148.08222709632,fastball,54,2333.6149574074075,2642.4485,R
2026,D,0000007305,李致霖,AAA022,味全龍二軍,144.75938417453884,148.62423806208,fastball,53,1992.9454132075475,2213.725,R
2026,D,0000007077,*郭玟毅,AJL022,樂天桃猿二軍,131.7575222379713,139.24795851648,breakingball,53,2032.6416471698108,2723.3806,R
2026,D,0000006848,林詔恩,ADD022,統一7-ELEVEn獅二軍,140.55203759181282,142.51434747264,fastball,53,2369.062873584906,2455.459,L
2026,D,0000006722,*賴知頎,AAA022,味全龍二軍,130.87435165809237,137.03993854848,breakingball,52,2436.20715576923,2877.1614,R
2026,D,0000007617,*陳世展,AJL022,樂天桃猿二軍,123.32512909727998,129.43611001728,fastball,52,1836.6549499999992,2090.198,R
2026,D,0000007285,*林展樟,ACN022,中信兄弟二軍,123.97865305624615,130.79861283456,breakingball,52,1768.129858269231,2734.4407,R
2026,D,0000007623,*呂昱廷,ACN022,中信兄弟二軍,136.69188035711997,140.3502465024,fastball,51,1979.4904784313728,2083.4204,R
2026,D,0000007055,張景淯,AAA022,味全龍二軍,138.51425227572705,145.61721098496,fastball,51,2199.3488784313727,2335.7595,L
2026,D,0000005572,魏碩成,ACN022,中信兄弟二軍,128.1351819636706,134.64634512384,breakingball,51,1478.2800705882355,1762.3081,L
2026,D,0000007789,麥斯威尼,AJL022,樂天桃猿二軍,131.3761555408896,140.51676532608,breakingball,50,2433.7888850000004,3069.4065,R
2026,D,0000007567,◎櫻井周斗,AKP022,台鋼雄鷹二軍,141.02090359948804,145.24390755072,fastball,50,2168.399456,2298.971,L
2026,D,0000007228,鈴木駿輔,AEO022,富邦悍將二軍,147.37927910305956,152.44445056896,fastball,49,2267.305655102041,2514.2576,R
2026,D,0000006863,*潘奕誠,AEO022,富邦悍將二軍,140.77251209299595,144.49224734208,fastball,49,2065.412328571429,2265.18,R
2026,D,0000006917,謝葆錡,AKP022,台鋼雄鷹二軍,142.23897017179826,145.99780474752,fastball,46,2218.861891304348,2329.4731,R
2026,D,0000000135,陳禹勳,AAA022,味全龍二軍,144.316843866624,147.96918677376,fastball,45,2366.6142155555563,2454.2874,R
2026,D,0000006236,楊鈺翔,AAA022,味全龍二軍,122.95495628416,140.58154142208,breakingball,45,1964.6583066666658,2700.9316,R
2026,D,0000007305,李致霖,AAA022,味全龍二軍,132.69365866803201,137.52148646016,breakingball,45,2030.7853333333335,2542.4258,R
2026,D,0000007299,陳品宏,AEO022,富邦悍將二軍,137.06121264563203,139.7720896704,fastball,45,2380.155415555556,2463.3413,L
2026,D,0000006863,*潘奕誠,AEO022,富邦悍將二軍,126.26048581712371,142.9275304512,breakingball,43,2073.2495232558135,2409.5215,R
2026,D,0000007568,王偉軒,AEO022,富邦悍將二軍,140.09253700795531,142.81178643072,fastball,43,2334.075395348837,2527.2642,R
2026,D,0000007615,*李柏毓,AJL022,樂天桃猿二軍,139.85632005312004,141.9033439296,fastball,42,2094.6856166666657,2212.554,R
2026,D,0000006750,陳暐皓,AAA022,味全龍二軍,142.5046845114514,146.06241990912,fastball,42,2314.0875714285717,2437.9307,R
2026,D,0000006864,*郭泰呈,AEO022,富邦悍將二軍,142.05687416963124,145.11554627328,fastball,41,2426.715458536586,2552.2825,R
2026,D,0000004629,*楊彬,AJL022,樂天桃猿二軍,128.99132737301852,141.31237671936,breakingball,41,2155.605648780488,2379.4695,R
2026,D,0000007779,蔣銲,AAA022,味全龍二軍,144.97870493052883,150.58649510784,fastball,41,2643.116329268293,2825.6995,R
2026,D,0000007044,*鄭澔,ADD022,統一7-ELEVEn獅二軍,140.88493770062047,144.8327523456,fastball,41,2373.005295121952,2542.0605,L
2026,D,0000006739,李東洺,AEO022,富邦悍將二軍,128.91322630122144,138.98162817792,breakingball,41,2089.990707317073,2353.1501,R
2026,D,0000003334,*鄭凱文,ACN022,中信兄弟二軍,135.07421277761563,138.0279631104,fastball,41,2344.254680487805,2488.3784,R
2026,D,0000006159,*林逸達,AAA022,味全龍二軍,144.5725763740098,149.14368602496,fastball,41,2367.1096853658537,2618.8982,R
2026,D,0000007560,*菲力士,ACN022,中信兄弟二軍,130.767270457824,136.84916691072,breakingball,40,2221.03691,2633.866,R
2026,D,0000003506,謝榮豪,ACN022,中信兄弟二軍,127.79736813043203,130.23619538688,breakingball,40,2281.2251074999995,2521.0757,R
2026,D,0000007276,伍立辰,ACN022,中信兄弟二軍,143.757115498656,146.8637444736,fastball,40,2399.8810425,2485.5034,R
2026,D,0000007560,*菲力士,ACN022,中信兄弟二軍,144.758743040736,148.0370367168,fastball,40,2247.204195,2467.6965,R
2026,D,0000007616,*鍾亦恩,AJL022,樂天桃猿二軍,141.08988611836799,144.71388619776,fastball,40,2116.8347874999995,2277.1301,L
2026,D,0000007295,陳鐿中,AEO022,富邦悍將二軍,136.0818713061415,146.797922304,breakingball,39,2131.4919974358977,2406.9436,R
2026,D,0000001260,郭俊麟,ADD022,統一7-ELEVEn獅二軍,127.19780343315692,133.2111160512,breakingball,39,2410.6762538461535,2699.6917,R
2026,D,0000006918,李欣穎,AKP022,台鋼雄鷹二軍,144.13668919502769,148.3127978112,fastball,39,2486.9285820512823,2635.3647,R
2026,D,0000007083,林柏佑,AAA022,味全龍二軍,119.13898818136614,121.67295643008,breakingball,39,2522.8314589743586,2764.1497,R
2026,D,0000007779,蔣銲,AAA022,味全龍二軍,128.26930012918154,137.55285257472,breakingball,39,2627.1273666666666,3039.2407,R
2026,D,0000001260,郭俊麟,ADD022,統一7-ELEVEn獅二軍,140.33983531725474,143.30833342848,fastball,38,2340.0623052631577,2504.112,R
2026,D,0000004626,王奕凱,ACN022,中信兄弟二軍,131.77365719009683,141.0271365888,breakingball,38,2435.8897657894736,2592.498,L
2026,D,0000007063,*周彥農,ADD022,統一7-ELEVEn獅二軍,138.7271099893622,143.01369472896,fastball,37,2235.990448648649,2354.7043,R
2026,D,0000006857,舒治浩,AJL022,樂天桃猿二軍,130.64963064098598,137.22865022592,breakingball,37,1570.1590513513515,2121.3232,R
2026,D,0000007585,◎陳原維,ACN022,中信兄弟二軍,140.79307142265083,143.37042192,fastball,37,2355.1868702702704,2507.036,R
2026,D,0000006921,伍祐城,AKP022,台鋼雄鷹二軍,143.88716394976,147.64220025984,fastball,36,2310.104991666667,2460.4944,R
2026,D,0000006712,*楊孟沅,ADD022,統一7-ELEVEn獅二軍,138.00494457375999,140.43631421952,fastball,36,2068.6848694444448,2303.262,L
2026,D,0000000135,陳禹勳,AAA022,味全龍二軍,131.55876072345603,136.31227365888,breakingball,35,1583.7693531428572,2366.1797,R
2026,D,0000006722,*賴知頎,AAA022,味全龍二軍,146.22702821156568,149.6700380736,fastball,35,2321.724325714286,2523.3394,R
2026,D,0000007794,*馬奎爾,ACN022,中信兄弟二軍,128.1633005392457,135.06068683008,breakingball,35,2248.8722485714284,2481.7676,R
2026,D,0000000779,陳柏豪,AJL022,樂天桃猿二軍,142.06303039828111,147.81924419328,fastball,35,2294.3452799999995,2437.0564,R
2026,D,0000006923,*曾品洋,ACN022,中信兄弟二軍,134.46786934757645,141.03431426304,breakingball,34,2333.370261764706,2508.7336,R
2026,D,0000007073,賴胤豪,AJL022,樂天桃猿二軍,148.13456958991057,150.16164438528,fastball,34,2254.0573941176476,2386.269,R
2026,D,0000006236,楊鈺翔,AAA022,味全龍二軍,140.61227745408,145.8727104384,fastball,33,2050.212254545455,2277.9016,R
2026,D,0000007314,*王宇翔,AJL022,樂天桃猿二軍,128.96943546168,143.41247407872,breakingball,32,2324.6583125,2739.2832,R
2026,D,0000007626,*徐磊,ACN022,中信兄弟二軍,135.51888718368,142.69098907008,breakingball,32,2314.2470999999996,2665.8892,R
2026,D,0000006860,劉家翔,AJL022,樂天桃猿二軍,129.31182239184002,136.27321488,breakingball,32,2091.2172281249996,2430.0627,R
2026,D,0000007055,張景淯,AAA022,味全龍二軍,120.36519444311999,130.83823488384,breakingball,32,2274.8274281250006,2559.618,L
2026,D,0000006923,*曾品洋,ACN022,中信兄弟二軍,147.7748543326142,151.84067298048,fastball,31,2383.3914451612904,2490.6204,R
2026,D,0000006739,李東洺,AEO022,富邦悍將二軍,144.86237050491872,148.26342313728,fastball,31,2319.7464741935487,2425.4424,R
2026,D,0000007789,麥斯威尼,AJL022,樂天桃猿二軍,144.48740892721545,149.13271029888,fastball,31,2260.595109677419,2422.4033,R
2026,D,0000001603,王維中,AKP022,台鋼雄鷹二軍,125.84358334637417,135.29141847936,breakingball,31,2148.8743064516134,2615.6628,L
2026,D,0000007626,*徐磊,ACN022,中信兄弟二軍,143.8115820461419,146.68755349248,fastball,31,2395.489319354839,2498.9773,R
2026,D,0000007787,黎克,ACN022,中信兄弟二軍,137.307327298944,142.94360779776,breakingball,30,2195.5232266666662,2675.1711,R
2026,D,0000007604,*曾偉喆,ADD022,統一7-ELEVEn獅二軍,147.10381192742398,151.05663277056,fastball,30,2301.022616666666,2454.7576,R
2026,D,0000000778,蔡齊哲,ACN022,中信兄弟二軍,124.831289202048,133.8249198528,breakingball,30,2533.5595166666667,2811.333,R
2026,D,0000007585,◎陳原維,ACN022,中信兄弟二軍,127.31074873185105,132.887155104,breakingball,29,1857.9490072413796,3165.68,R
2026,D,0000005479,江國豪,AEO022,富邦悍將二軍,142.21860942468413,145.31174140032,fastball,29,2265.441837931034,2382.1526,R
2026,D,0000004646,*翁瑋均,AAA022,味全龍二軍,123.96428103803586,132.4490112,breakingball,29,1766.3078965517248,2061.107,R
2026,D,0000007581,黃暐傑,AAA022,味全龍二軍,132.56179735719726,138.9083547456,breakingball,29,2651.0367206896544,3145.2517,R
2026,D,0000004625,吳俊偉,ACN022,中信兄弟二軍,128.22339606038068,136.47071357568,breakingball,29,1882.1912137931033,2262.1895,R
2026,D,0000006723,張鈞守,AAA022,味全龍二軍,145.80129867222857,150.0009996672,fastball,28,2536.8160142857137,2714.1072,R
2026,D,0000005572,魏碩成,ACN022,中信兄弟二軍,138.90671149042285,141.64050586752,fastball,28,1973.6029142857144,2189.1616,L
2026,D,0000001524,劉昱言,AEO022,富邦悍將二軍,122.60088693750859,125.716320576,breakingball,28,2494.8147,2791.4658,L
2026,D,0000006210,*林原裕,ADD022,統一7-ELEVEn獅二軍,146.182124704,149.28690154752,fastball,27,2283.7467037037036,2396.7876,R
2026,D,0000007607,*何宗旂,AAA022,味全龍二軍,144.70753942186667,147.81742563456,fastball,27,2061.4520518518516,2191.5737,R
2026,D,0000007285,*林展樟,ACN022,中信兄弟二軍,139.29392793770668,142.92741779712,fastball,27,2082.717392592592,2355.6626,R
2026,D,0000004646,*翁瑋均,AAA022,味全龍二軍,130.8269583342277,135.97978318848,fastball,26,1901.696123076923,2110.6658,R
2026,D,0000006555,梅賽鍶,AAA022,味全龍二軍,139.49623634820927,142.59336626304,fastball,26,2252.379807692308,2354.8862,L
2026,D,0000000779,陳柏豪,AJL022,樂天桃猿二軍,133.96859032452923,137.47404299904,breakingball,26,2282.4734384615385,2504.0696,R
2026,D,0000007611,*林紘維,AAA022,味全龍二軍,128.06143927188478,131.70795656832,breakingball,25,2293.751684,2595.973,L
2026,D,0000007567,◎櫻井周斗,AKP022,台鋼雄鷹二軍,121.97989502392323,139.440806208,breakingball,25,2509.2381040000005,2752.8528,L
2026,D,0000006982,黃群,AKP022,台鋼雄鷹二軍,143.8878556279296,147.23857678464,fastball,25,2368.064784,2479.3994,L
2026,D,0000006555,梅賽鍶,AAA022,味全龍二軍,127.26396903263999,133.63794626688,breakingball,24,2043.1712874999996,2337.0427,L
2026,D,0000001404,*羅華韋,AEO022,富邦悍將二軍,138.59435429664,142.42378968576,fastball,24,2029.5900833333333,2108.219,L
2026,D,0000007615,*李柏毓,AJL022,樂天桃猿二軍,124.92775408607999,128.77404198912,breakingball,24,2310.5645666666665,3336.898,R
2026,D,0000007617,*陳世展,AJL022,樂天桃猿二軍,106.34055001794782,120.5706845376,breakingball,23,1780.4788565217386,2148.7908,R
2026,D,0000007580,韋宏亮,AKP022,台鋼雄鷹二軍,149.20232562231652,152.69756819328,fastball,23,2556.1394,2691.0486,R
2026,D,0000006729,*陳志杰,AAA022,味全龍二軍,135.40901954287304,138.03422345856,fastball,23,2002.5038086956517,2129.3765,R
2026,D,0000002276,鄭鈞仁,ADD022,統一7-ELEVEn獅二軍,142.58108626860525,144.84931249536,fastball,23,2362.7554260869565,2486.9805,R
2026,D,0000007299,陳品宏,AEO022,富邦悍將二軍,125.10543808361741,128.53857886848,breakingball,23,2263.2415782608696,2552.0532,L
2026,D,0000007294,林易霆,ADD022,統一7-ELEVEn獅二軍,142.25127166656,145.57744409472,fastball,22,2281.8026227272726,2415.2002,L
2026,D,0000006921,伍祐城,AKP022,台鋼雄鷹二軍,126.66056147136,132.92230317696,breakingball,22,2099.560840909091,2629.289,R
2026,D,0000006918,李欣穎,AKP022,台鋼雄鷹二軍,132.41145350016,140.2246372032,breakingball,22,2548.322890909091,2883.4937,R
2026,D,0000007073,賴胤豪,AJL022,樂天桃猿二軍,133.96460286527997,140.84548993152,breakingball,22,1621.603675454545,2756.9548,R
2026,D,0000007577,◎李斯特,AEO022,富邦悍將二軍,127.86899227775999,131.6960796096,breakingball,22,1722.2168704545454,2424.833,R
2026,D,0000007630,*邱立璿,AKP022,台鋼雄鷹二軍,128.6747301024,136.79581715712,breakingball,22,2126.793404545455,2368.8784,R
2026,D,0000007316,*賴威誠,AJL022,樂天桃猿二軍,123.99905177280002,147.94641455616,breakingball,22,1888.4581995454544,2805.55,R
2026,D,0000003292,賴鴻誠,AEO022,富邦悍將二軍,142.63797727871997,146.00530429056,fastball,22,2113.562390909091,2367.3738,L
2026,D,0000006982,黃群,AKP022,台鋼雄鷹二軍,127.65005126784,138.21342391296,breakingball,22,2062.5709227272732,2750.1492,L
2026,D,0000006159,*林逸達,AAA022,味全龍二軍,128.46667491126857,134.45068108032,breakingball,21,2388.616485714286,2559.6465,R
2026,D,0000001603,王維中,AKP022,台鋼雄鷹二軍,137.49165382052573,141.50179650816,fastball,21,2150.5326333333337,2258.677,L
2026,D,0000006864,*郭泰呈,AEO022,富邦悍將二軍,129.58259020909716,133.35277051008,breakingball,21,1406.7488680952383,2382.6433,R
2026,D,0000007584,◎陳聖凱,ACN022,中信兄弟二軍,139.68817540882287,146.3563183104,fastball,21,2283.4839714285717,2426.2744,L
2026,D,0000007062,威能帝,AJL022,樂天桃猿二軍,148.6494764077714,150.177142368,fastball,21,2553.2109190476194,2672.4692,R
2026,D,0000007568,王偉軒,AEO022,富邦悍將二軍,124.09266261065139,136.45898145792,breakingball,21,2192.6513238095235,2682.5469,R
2026,D,0000007292,李軍,ADD022,統一7-ELEVEn獅二軍,145.61518964889598,148.94218006272,fastball,20,2423.403085,2549.5542,L
2026,D,0000004637,劉軒荅,ADD022,統一7-ELEVEn獅二軍,141.00125833727998,144.00928320768,fastball,19,2413.836736842106,2569.1997,R
2026,D,0000007619,王奕翔,AJL022,樂天桃猿二軍,133.68347460863998,138.40429211136,breakingball,19,2283.916794736842,2700.7651,R
2026,D,0000001404,*羅華韋,AEO022,富邦悍將二軍,128.51611510848,131.02733280384,breakingball,18,1569.4599,2020.4008,L
2026,D,0000006878,吳君奕,AAA022,味全龍二軍,132.20168006144002,137.70137893248,breakingball,18,2082.6149244444446,2746.0256,R
2026,D,0000007062,威能帝,AJL022,樂天桃猿二軍,132.23805660032002,136.4636807424,breakingball,18,2348.1421388888893,2483.7283,R
2026,D,0000007620,*高秉洋,ACN022,中信兄弟二軍,128.46242023999997,132.13248542208,breakingball,18,2033.3495833333332,2138.5073,R
2026,D,0000006740,楊強森,ADD022,統一7-ELEVEn獅二軍,140.57178522112,143.05598828928,fastball,18,2283.0654333333327,2428.568,R
2026,D,0000006875,陳柏均,ACN022,中信兄弟二軍,124.4935760316988,128.14025013504,breakingball,17,1997.0685529411764,2492.3909,L
2026,D,0000006859,*洪敏暘,AJL022,樂天桃猿二軍,109.74821439337413,126.75655225728,fastball,17,1740.7839000000001,2150.638,L
2026,D,0000007580,韋宏亮,AKP022,台鋼雄鷹二軍,132.28198779964237,139.67494966656,breakingball,17,2526.3444764705882,2860.1667,R
2026,D,0000004637,劉軒荅,ADD022,統一7-ELEVEn獅二軍,130.48319466398118,135.1927817856,breakingball,17,2189.239611764706,2694.4336,R
2026,D,0000007623,*呂昱廷,ACN022,中信兄弟二軍,121.068283644,125.08209419904,breakingball,16,2153.9778312500002,2486.675,R
2026,D,0000004625,吳俊偉,ACN022,中信兄弟二軍,143.64841296167998,146.17256341248,fastball,16,2346.4286374999997,2531.479,R
2026,D,0000006750,陳暐皓,AAA022,味全龍二軍,124.44753388320001,132.23646513792,breakingball,16,2249.13116875,2687.515,R
2026,D,0000007616,*鍾亦恩,AJL022,樂天桃猿二軍,129.44657879999997,131.95812909312,breakingball,16,1946.27460625,2205.0156,L
2026,D,0000006917,謝葆錡,AKP022,台鋼雄鷹二軍,122.01472745087997,127.01419213824,breakingball,15,1952.2920466666667,2757.235,R
2026,D,0000006712,*楊孟沅,ADD022,統一7-ELEVEn獅二軍,120.85064494694397,124.05803642496,breakingball,15,2158.114226666667,3124.553,L
2026,D,0000006222,劉予承,ADD022,統一7-ELEVEn獅二軍,128.45828869632,134.18409324672,breakingball,15,1895.2275000000002,2465.027,R
2026,D,0000003506,謝榮豪,ACN022,中信兄弟二軍,142.611317958912,144.73580546304,fastball,15,2086.0547200000005,2179.9006,R
2026,D,0000006848,林詔恩,ADD022,統一7-ELEVEn獅二軍,125.182861664256,135.95417852544,breakingball,15,2133.2900733333336,2567.2078,L
2026,D,0000000778,蔡齊哲,ACN022,中信兄弟二軍,139.98009048521143,141.47157302784,fastball,14,2174.3181142857143,2261.5513,R
2026,D,0000007606,吳紹遠,ADD022,統一7-ELEVEn獅二軍,148.90041988498282,150.80509230336,fastball,14,2571.1816499999995,2655.5347,R
2026,D,0000003393,王鏡銘,ADD022,統一7-ELEVEn獅二軍,134.73073682413715,136.306608768,fastball,14,2167.3319785714284,2295.408,R
2026,D,0000006215,趙璟榮,AAA022,味全龍二軍,148.39591123254857,150.18208305408,fastball,14,2356.442114285714,2483.6772,R
2026,D,0000003393,王鏡銘,ADD022,統一7-ELEVEn獅二軍,128.20596539821713,131.70748985856,breakingball,14,2099.6739714285713,2430.886,R
2026,D,0000007607,*何宗旂,AAA022,味全龍二軍,130.53263310308571,134.74744411392,breakingball,14,2062.7406071428572,2286.472,R
2026,D,0000007604,*曾偉喆,ADD022,統一7-ELEVEn獅二軍,129.03060608551385,134.2342564992,breakingball,13,1956.3628615384619,2344.3284,R
2026,D,0000002272,賴智垣,AKP022,台鋼雄鷹二軍,144.2261436528,147.19499574912,fastball,12,1849.9962083333332,1950.0642,R
2026,D,0000007620,*高秉洋,ACN022,中信兄弟二軍,143.08484516832002,146.258389728,fastball,12,2263.187583333333,2333.2964,R
2026,D,0000007787,黎克,ACN022,中信兄弟二軍,147.46135156896,149.87479491072,fastball,12,2103.868325,2246.8079,R
2026,D,0000006740,楊強森,ADD022,統一7-ELEVEn獅二軍,127.72950397151999,131.84817871104,breakingball,12,2004.7240166666663,2364.1965,R
2026,D,0000005285,許峻暘,AKP022,台鋼雄鷹二軍,125.93080809215999,129.64028749056,breakingball,11,1901.2981,2411.467,R
2026,D,0000006875,陳柏均,ACN022,中信兄弟二軍,139.21781989248,141.56987175936,fastball,11,2085.7074363636366,2159.9902,L
2026,D,0000007625,*陳英睿,ACN022,中信兄弟二軍,141.82344877824,143.28667165824,fastball,11,2416.7758636363637,2505.601,R
2026,D,0000007311,*吳承翰,AAA022,味全龍二軍,138.35894811263995,141.83504337024,fastball,11,2330.1294,2413.6565,L
2026,D,0000005282,姚杰宏,ADD022,統一7-ELEVEn獅二軍,141.55546813056,144.61788882816,fastball,11,2275.8741999999997,2365.7214,R
2026,D,0000007606,吳紹遠,ADD022,統一7-ELEVEn獅二軍,134.05226017536,137.66516869248,breakingball,11,2337.1356363636364,2590.8354,R
2026,D,0000001524,劉昱言,AEO022,富邦悍將二軍,140.53181269248003,144.51678983808,fastball,10,2087.44283,2214.286,L
2026,D,0000007311,*吳承翰,AAA022,味全龍二軍,117.71286457075198,124.58144337408,breakingball,10,2257.8594000000003,2458.6936,L
2026,D,0000005285,許峻暘,AKP022,台鋼雄鷹二軍,142.802791807104,146.16957003264,fastball,10,2097.6795100000004,2194.9504,R
2026,D,0000006920,陳冠豪,AKP022,台鋼雄鷹二軍,147.606805957248,149.75650812672,fastball,10,2235.73666,2306.0918,R
2026,D,0000007067,*曾奕翔,AKP022,台鋼雄鷹二軍,127.67104267315202,131.41309256064,breakingball,10,2419.2364599999996,2817.1494,L
2026,D,0000003292,賴鴻誠,AEO022,富邦悍將二軍,125.90129857536002,130.2511300992,breakingball,10,1726.9659900000001,1902.2095,L
2026,D,0000001232,江忠城,ACN022,中信兄弟二軍,145.04944515072003,148.0840295616,fastball,9,2363.294433333333,2454.9585,R
2026,D,0000003620,*江承峰,ADD022,統一7-ELEVEn獅二軍,133.7859469056,134.9880732288,fastball,9,1927.652277777778,1994.3792,R
2026,D,0000007296,*黃英奇,AEO022,富邦悍將二軍,125.32366030975999,133.60229929728,breakingball,9,2117.413322222222,2452.8694,R
2026,D,0000006878,吳君奕,AAA022,味全龍二軍,143.64716292607997,145.61486134272,fastball,9,2074.8791333333334,2265.1594,R
2026,D,0000001232,江忠城,ACN022,中信兄弟二軍,133.46728964096002,134.97568128,breakingball,9,2518.5204333333336,2734.189,R
2026,D,0000007074,曾家輝,AJL022,樂天桃猿二軍,147.80438816000003,150.17001297408,fastball,9,2283.3233111111113,2318.6418,R
2026,D,0000002272,賴智垣,AKP022,台鋼雄鷹二軍,131.00848023296,135.30506571648,breakingball,9,1903.3809888888889,2469.8396,R
2026,D,0000007044,*鄭澔,ADD022,統一7-ELEVEn獅二軍,121.41584226816,135.23417411328,breakingball,9,2128.389666666667,2233.6775,L
2026,D,0000005482,吳承諭,ADD022,統一7-ELEVEn獅二軍,136.17071039616,138.24013902336,fastball,9,2044.0759888888892,2122.7566,R
2026,D,0000006210,*林原裕,ADD022,統一7-ELEVEn獅二軍,130.67811722592,131.8311035712,breakingball,8,2231.657125,2539.8618,R
2026,D,0000003620,*江承峰,ADD022,統一7-ELEVEn獅二軍,123.52461332112,124.9235577216,breakingball,8,1403.53575,1450.9827,R
2026,D,0000007584,◎陳聖凱,ACN022,中信兄弟二軍,125.09888368031999,127.80656875008,breakingball,8,2482.8232625,2570.639,L
2026,D,0000007613,*林軒宇,AAA022,味全龍二軍,135.37474427664,137.0914053696,fastball,8,2045.3925,2140.9956,L
2026,D,0000005482,吳承諭,ADD022,統一7-ELEVEn獅二軍,125.4909218904,126.68065559424,breakingball,8,1356.0479,1504.5004,R
2026,D,0000007047,盧冠宇,AJL022,樂天桃猿二軍,132.37535152511998,137.55800247552,breakingball,8,1873.8872575,2424.5845,R
2026,D,0000006920,陳冠豪,AKP022,台鋼雄鷹二軍,128.94789942144,133.36937894016,breakingball,8,2224.4178625000004,2761.062,R
2026,D,0000007296,*黃英奇,AEO022,富邦悍將二軍,142.2535325858743,146.63307719808,fastball,7,2110.1445285714285,2329.3228,R
2026,D,0000006922,黃紹睿,AKP022,台鋼雄鷹二軍,143.03766245924572,144.80883749376,fastball,7,2404.0604857142857,2469.253,R
2026,D,0000000128,朱承洋,AJL022,樂天桃猿二軍,130.9475783133257,132.39492114816,breakingball,7,2412.5073714285713,2478.2039,R
2026,D,0000007781,◎朱柏翰,ADD022,統一7-ELEVEn獅二軍,141.21816342253715,143.30553316992,fastball,7,2194.9512999999997,2255.4028,R
2026,D,0000007577,◎李斯特,AEO022,富邦悍將二軍,136.20008628864,137.98283710464,fastball,6,1903.4624000000003,2002.5541,R
2026,D,0000007067,*曾奕翔,AKP022,台鋼雄鷹二軍,140.48839795584001,141.79136577408,fastball,6,2456.5071666666668,2516.866,L
2026,D,0000007090,林家勝,AEO022,富邦悍將二軍,128.24638637184,129.7366228224,breakingball,5,1584.1122799999998,2115.2285,R
2026,D,0000006723,張鈞守,AAA022,味全龍二軍,130.718882714112,133.52406908544,breakingball,5,1435.359176,2331.1228,R
2026,D,0000002276,鄭鈞仁,ADD022,統一7-ELEVEn獅二軍,124.995080187648,134.62980106752,breakingball,5,2103.11014,2416.5867,R
2026,D,0000007625,*陳英睿,ACN022,中信兄弟二軍,128.708390409984,133.45143939072,breakingball,5,2308.32276,2346.1833,R
2026,D,0000007047,盧冠宇,AJL022,樂天桃猿二軍,145.625006647296,145.91666162304,fastball,5,2260.83928,2304.2368,R
2026,D,0000007781,◎朱柏翰,ADD022,統一7-ELEVEn獅二軍,127.75224936672001,130.5168327936,breakingball,4,2106.77015,2276.26,R
2026,D,0000006922,黃紹睿,AKP022,台鋼雄鷹二軍,128.76418475712,134.44858893312,breakingball,4,2195.78135,2428.8384,R
2026,D,0000007090,林家勝,AEO022,富邦悍將二軍,143.46549794016,144.05980051584,fastball,4,2181.15265,2201.9146,R
2026,D,0000000128,朱承洋,AJL022,樂天桃猿二軍,146.8630202688,147.4865606016,fastball,3,2500.444266666667,2547.3389,R
2026,D,0000007294,林易霆,ADD022,統一7-ELEVEn獅二軍,130.23495082752,132.32800462464,breakingball,3,2447.4515333333334,2534.2322,L
2026,D,0000007279,鄧朝駿,ACN022,中信兄弟二軍,138.17736656064,139.81148641152,fastball,2,2086.56035,2129.1208,R
2026,D,0000006729,*陳志杰,AAA022,味全龍二軍,111.18555359999999,112.47024463488,breakingball,2,1841.9151499999998,1974.9414,R
2026,D,0000005282,姚杰宏,ADD022,統一7-ELEVEn獅二軍,125.3414238912,125.3414238912,breakingball,1,2481.5298,2481.5298,R
2026,D,0000006215,趙璟榮,AAA022,味全龍二軍,135.43484321664,135.43484321664,breakingball,1,1545.1525,1545.1525,R
2026,D,0000007074,曾家輝,AJL022,樂天桃猿二軍,135.40801545216,135.40801545216,breakingball,1,1566.476,1566.476,R
2026,D,0000007292,李軍,ADD022,統一7-ELEVEn獅二軍,125.97267298176,125.97267298176,breakingball,1,2873.2637,2873.2637,L
2026,D,0000006881,*鄭展昊,AAA022,味全龍二軍,122.85236418048,122.85236418048,breakingball,1,2086.0408,2086.0408,R
