year,game_kind,player_id,player_name,team_code,team_name,barrels,bbe,brls_bbep,brls_pap,distance_avg_hr,distance_max,ev50th,ev90th,ev_avg,ev_max,fb_ld,hard_hit,hard_hit_swing,hard_hitp,la_avg,la_sw_spp
2026,A,0000002274,黃子鵬,AKP011,台鋼雄鷹,3,109,0.08823529411764706,0.022058823529411766,118.258390356,118.900267152,156.07885089983995,166.77824510476802,141.0638314037548,172.95930571392,1.25,34,0.3119266055045872,0.3119266055045872,12.53553631192661,0.4036697247706422
2026,A,0000006749,魔力藍,AEO011,富邦悍將,4,106,0.14814814814814814,0.02666666666666667,0,114.868403232,153.5545903317011,164.705485671936,137.88755695589427,168.24703382784,1.1666666666666667,27,0.25471698113207547,0.25471698113207547,12.781473877358488,0.3867924528301887
2026,A,0000006739,李東洺,AEO011,富邦悍將,2,105,0.05,0.014492753623188406,118.599011976,119.40344928,157.38910306294156,165.61412773171202,139.20413515973485,169.73080071552,1,40,0.38095238095238093,0.38095238095238093,14.859643114285715,0.37142857142857144
2026,A,0000007790,魔爾曼,AJL011,樂天桃猿,8,105,0.25,0.05333333333333334,0,117.943292688,156.55492343121233,169.75456911705604,135.6677226504412,176.22189661824,0.52,32,0.3076923076923077,0.3047619047619048,6.537984314285714,0.29523809523809524
2026,A,0000005151,羅戈,ACN011,中信兄弟,2,104,0.07692307692307693,0.012048192771084338,111.874846608,112.88868456,153.32030540152613,167.202349091712,132.87354918369232,170.65907033472,1.1,26,0.2524271844660194,0.25,6.894831086538461,0.3076923076923077
2026,A,0000006906,艾菩樂,AJL011,樂天桃猿,3,103,0.125,0.022556390977443608,115.38351066,122.43367944,154.14717186341647,169.61766383231998,134.4781496137072,185.4612853632,1.1818181818181819,24,0.23529411764705882,0.23300970873786409,13.820938621359213,0.33980582524271846
2026,A,0000006497,鋼龍,AAA011,味全龍,4,94,0.13793103448275862,0.029197080291970802,117.367856704,124.330001784,156.71594367825702,168.11846154752,137.2011694786723,173.32951920768,0.9,29,0.30851063829787234,0.30851063829787234,11.705807734042558,0.3404255319148936
2026,A,0000006555,梅賽鍶,AAA011,味全龍,7,93,0.25,0.0603448275862069,119.301098964,124.165900512,156.94199503212522,169.20050398592002,138.72641096534713,174.56655756672,0.6774193548387096,28,0.3010752688172043,0.3010752688172043,11.31865453763441,0.45161290322580644
2026,A,0000002679,江承諺,AKP011,台鋼雄鷹,4,93,0.125,0.03418803418803419,0,115.90077912,156.4075255922922,167.79816454015997,138.32914820599743,176.22368299008,1.0869565217391304,32,0.34782608695652173,0.34408602150537637,19.44564774193548,0.3655913978494624
2026,A,0000005604,勝騎士,ACN011,中信兄弟,9,91,0.3,0.07142857142857142,109.208200176,119.9435244,157.34901653222406,168.80938868992,143.24703210071212,177.12988850304,1.7857142857142858,30,0.32967032967032966,0.32967032967032966,16.96116678021977,0.2857142857142857
2026,A,0000007597,獅帝芬,ADD011,統一7-ELEVEn獅,2,90,0.1,0.015873015873015872,0,118.623688584,152.357105747968,165.27763857792,132.372173607168,174.2023147392,1.4375,20,0.2247191011235955,0.2222222222222222,11.30079761111111,0.3111111111111111
2026,A,0000006507,後勁,AKP011,台鋼雄鷹,1,88,0.041666666666666664,0.007246376811594203,0,113.52660048,153.51486037632003,168.6816110232,134.27564388912,176.03429538816,1.125,24,0.2727272727272727,0.2727272727272727,4.621082079545456,0.29545454545454547
2026,A,0000007787,黎克,ACN011,中信兄弟,6,87,0.2727272727272727,0.05084745762711865,121.09647916800002,124.114535616,152.62025268765763,167.96347948512,131.00464697286617,170.55253176192,0.6842105263157895,22,0.25287356321839083,0.25287356321839083,4.815839482758623,0.3448275862068966
2026,A,0000007789,麥斯威尼,AJL011,樂天桃猿,3,86,0.125,0.024793388429752067,120.32067680799999,126.735361464,154.93343130954418,166.95488147184003,137.74139901370046,171.11725057152,1.1875,24,0.2823529411764706,0.27906976744186046,12.952111313953493,0.27906976744186046
2026,A,0000007074,曾家輝,AJL011,樂天桃猿,8,85,0.3076923076923077,0.06557377049180328,121.178769072,122.48869584,154.41428647542858,169.09611969888,136.26633294638683,173.86752290688,1.15,26,0.3058823529411765,0.3058823529411765,14.703194682352935,0.3764705882352941
2026,A,0000000762,伍鐸,AAA011,味全龍,5,84,0.16129032258064516,0.04854368932038835,117.44199524,122.713190184,159.25219793170285,170.70475156416,138.31440047794285,178.16482544256,1.0625,31,0.36904761904761907,0.36904761904761907,6.519187571428569,0.27380952380952384
2026,A,0000002345,鄭浩均,ACN011,中信兄弟,5,83,0.2,0.0390625,122.17086564,129.825545784,157.5854014537054,170.02798016687998,139.38908189184,173.49634380672,1,25,0.30120481927710846,0.30120481927710846,14.507015783132532,0.4819277108433735
2026,A,0000007570,坎南,AKP011,台鋼雄鷹,4,82,0.2222222222222222,0.03571428571428571,126.864666768,126.864666768,153.71115698837858,167.00980637088003,137.62022206969763,177.33277850112,0.6190476190476191,18,0.21951219512195122,0.21951219512195122,5.9769167439024375,0.35365853658536583
2026,A,0000005731,布雷克,ADD011,統一7-ELEVEn獅,4,82,0.16,0.0380952380952381,112.907295648,115.2672066,156.56785602750438,169.70157704016,140.11175330102643,176.18673245184,0.5294117647058824,25,0.3048780487804878,0.3048780487804878,9.733542280487807,0.2682926829268293
2026,A,0000001719,胡智爲,ADD011,統一7-ELEVEn獅,6,73,0.23076923076923078,0.058823529411764705,119.06354851200001,124.25053128,159.47378978432002,171.20808654500573,140.47091313139725,179.86847700096,0.5833333333333334,26,0.3561643835616438,0.3561643835616438,15.109418849315066,0.4657534246575342
2026,A,0000007062,威能帝,AJL011,樂天桃猿,3,64,0.23076923076923078,0.027777777777777776,0,116.677659456,153.10979260631996,168.78685340351998,135.70575691662,175.90062327552,1.0625,13,0.20634920634920634,0.203125,16.961887359374998,0.390625
2026,A,0000006176,余謙,ACN011,中信兄弟,0,63,0,0,0,106.548667776,152.60209515833807,166.44480458496,132.5332184643657,169.8523383744,0.4166666666666667,14,0.2222222222222222,0.2222222222222222,-3.183281063492061,0.23809523809523808
2026,A,0000007779,蔣銲,AAA011,味全龍,4,63,0.2857142857142857,0.041666666666666664,115.766086476,123.370683408,153.02614224718448,165.95748181055998,136.8168436196571,170.59777042176,1.5833333333333333,14,0.2222222222222222,0.2222222222222222,10.927651809523812,0.31746031746031744
2026,A,0000007228,鈴木駿輔,AEO011,富邦悍將,4,62,0.15384615384615385,0.04,120.392404884,126.131781264,159.25472714805682,167.16143742144,139.18100798907875,168.8276690496,0.25,26,0.41935483870967744,0.41935483870967744,0.399095338709677,0.4032258064516129
2026,A,0000000368,游霆崴,AEO011,富邦悍將,0,56,0,0,0,112.287396456,152.15963921362282,164.531377181952,136.4120834494628,166.05040801536,1.6666666666666667,12,0.21428571428571427,0.21428571428571427,14.507005803571428,0.26785714285714285
2026,A,0000005541,郭郁政,AAA011,味全龍,4,56,0.2,0.06451612903225806,117.426403704,117.426403704,157.99697245275428,169.68782157465597,139.0960694919085,172.29216825216,0.8461538461538461,20,0.35714285714285715,0.35714285714285715,9.508490482142859,0.39285714285714285
2026,A,0000006237,林子崴,AJL011,樂天桃猿,1,55,0.07142857142857142,0.015151515151515152,0,110.912123616,153.1641718557867,163.474807440384,131.92751176243203,167.27946402816,0.3333333333333333,14,0.25925925925925924,0.2545454545454545,-1.621359345454545,0.2909090909090909
2026,A,0000007264,魔神龍,AAA011,味全龍,1,54,0.07692307692307693,0.013888888888888888,0,111.001372104,152.64580453760001,168.134228469504,137.2356174933333,178.30351870848,0.7333333333333333,13,0.24074074074074073,0.24074074074074073,14.30870611111111,0.37037037037037035
2026,A,0000001821,林子昱,AAA011,味全龍,1,47,0.08333333333333333,0.01694915254237288,120.140525784,120.140525784,152.92324230411128,162.19451232864,138.40442873439318,163.3106768832,1.7142857142857142,12,0.2553191489361702,0.2553191489361702,9.888922510638299,0.2978723404255319
2026,A,0000006832,陳柏清,AKP011,台鋼雄鷹,4,46,0.3076923076923077,0.06349206349206349,123.378839856,123.378839856,157.24262084118257,174.47446285632003,138.64156784314434,188.90542636416,0.8181818181818182,13,0.2826086956521739,0.2826086956521739,9.78247302173913,0.32608695652173914
2026,A,0000000771,陳琥,ACN011,中信兄弟,2,45,0.18181818181818182,0.030303030303030304,113.959133016,118.67104536,154.54115806464003,164.33716879008,139.84009518336003,165.93973342848,1.75,11,0.24444444444444444,0.24444444444444444,18.777318955555558,0.24444444444444444
2026,A,0000007053,艾速特,AKP011,台鋼雄鷹,0,44,0,0,0,110.673468264,150.48540562752,163.73454188256,132.21146544191996,168.00799796352,1.1,6,0.13636363636363635,0.13636363636363635,17.904584704545453,0.38636363636363635
2026,A,0000007782,威戈神,AEO011,富邦悍將,1,43,0.08333333333333333,0.016129032258064516,0,111.30759552,154.09849831350857,163.3486574016,137.31903547615255,168.2502364224,0.47368421052631576,12,0.27906976744186046,0.27906976744186046,17.395604581395347,0.5116279069767442
2026,A,0000007299,陳品宏,AEO011,富邦悍將,4,43,0.3076923076923077,0.07407407407407407,118.987500912,127.133347968,156.2935921837714,168.01857940032,138.1748426975553,174.4477396992,1.75,13,0.3023255813953488,0.3023255813953488,21.73623746511628,0.3023255813953488
2026,A,0000005790,張奕,AEO011,富邦悍將,2,42,0.16666666666666666,0.034482758620689655,133.927452744,133.927452744,152.4360298680686,167.08456039968002,137.4511481647543,179.22007230336,1.75,12,0.2857142857142857,0.2857142857142857,11.415287857142854,0.40476190476190477
2026,A,0000000773,李吳永勤,AEO011,富邦悍將,0,39,0,0,0,105.90449736,155.85819021473685,164.37854100096,132.97717891879387,166.85403394176,0.46153846153846156,11,0.28205128205128205,0.28205128205128205,8.521413564102565,0.4358974358974359
2026,A,0000005561,李建勳,AEO011,富邦悍將,0,39,0,0,0,115.95233604,157.13335308611366,166.88321134848,140.84908867229538,172.74790228608,0.5,13,0.3333333333333333,0.3333333333333333,6.585692538461539,0.41025641025641024
2026,A,0000006870,林栚呈,AEO011,富邦悍將,3,38,0.25,0.061224489795918366,0,118.132667976,156.06320200582735,164.93306729856,140.78064437962104,167.90783239296,3,12,0.3157894736842105,0.3157894736842105,14.723304447368422,0.3157894736842105
2026,A,0000005479,江國豪,AEO011,富邦悍將,3,37,0.2,0.0625,123.397536288,123.397536288,160.14184099584,170.45179755648,143.64696854825513,172.23724134144,1.2222222222222223,15,0.40540540540540543,0.40540540540540543,9.58653083783784,0.4594594594594595
2026,A,0000002280,廖任磊,AEO011,富邦悍將,0,37,0,0,0,114.590754816,153.04667782271997,165.13277079551997,134.7145930533016,169.87837756032,3.3333333333333335,9,0.24324324324324326,0.24324324324324326,13.217809810810815,0.2702702702702703
2026,A,0000000941,陳冠宇,AJL011,樂天桃猿,3,35,0.3,0.05555555555555555,122.848798752,122.848798752,155.44452812001884,168.62969827968,136.1900370848915,170.81667339264,1.5714285714285714,10,0.2857142857142857,0.2857142857142857,13.23451977142857,0.42857142857142855
2026,A,0000001603,王維中,AKP011,台鋼雄鷹,1,35,0.0625,0.02040816326530612,120.264640344,120.264640344,162.0323891440941,175.85487499008,143.91195514049826,180.3822761664,1.6,16,0.45714285714285713,0.45714285714285713,6.844044999999996,0.2857142857142857
2026,A,0000006006,德保拉,ACN011,中信兄弟,0,35,0,0,0,114.42513564,153.81783444502588,165.2466640704,139.79593279147883,167.91866327808,1.1428571428571428,7,0.2,0.2,6.882529971428574,0.3142857142857143
2026,A,0000006295,銳力獅,ADD011,統一7-ELEVEn獅,0,35,0,0,110.909871144,110.909871144,148.20835138560003,162.51833782271999,130.8933241083977,164.62226005632,0.7777777777777778,4,0.11428571428571428,0.11428571428571428,8.32207317142857,0.37142857142857144
2026,A,0000006818,髙塩將樹,ADD011,統一7-ELEVEn獅,2,33,0.25,0.05263157894736842,0,119.124197616,154.05854414544,162.3980715456,134.46228006144003,167.52894453504,1.6666666666666667,8,0.24242424242424243,0.24242424242424243,17.330818393939396,0.30303030303030304
2026,A,0000003639,呂彥青,ACN011,中信兄弟,1,33,0.14285714285714285,0.021739130434782608,126.483422928,126.483422928,149.66831406384,161.84261182848002,135.09748521216,166.97626361856,1.3333333333333333,7,0.21212121212121213,0.21212121212121213,16.353033363636364,0.2727272727272727
2026,A,0000005788,林凱威,AAA011,味全龍,1,32,0.125,0.0196078431372549,112.864349328,112.864349328,152.50883639904,166.54204114944,130.98323526948002,168.59603616768,0.7,8,0.25806451612903225,0.25,7.734213749999996,0.4375
2026,A,0000005555,陳冠偉,AAA011,味全龍,1,32,0.07692307692307693,0.020833333333333332,115.90288224,115.90288224,159.37457149152,169.59300868224,145.34536461983998,171.64318419072,0.75,13,0.40625,0.40625,17.79207134375,0.34375
2026,A,0000007778,喬登,ADD011,統一7-ELEVEn獅,1,31,0.16666666666666666,0.02127659574468085,0,115.626328056,151.225540933632,164.26352654976,131.47543906634323,169.4193443712,1.4,6,0.1935483870967742,0.1935483870967742,9.199514193548387,0.25806451612903225
2026,A,0000007290,張宥謙,ADD011,統一7-ELEVEn獅,3,30,0.23076923076923078,0.07692307692307693,0,127.020349464,161.20833395251202,171.78511223808002,141.34960674700798,172.34765843328,0.4166666666666667,13,0.4482758620689655,0.43333333333333335,13.35682893333334,0.5
2026,A,0000006160,李超,AAA011,味全龍,2,30,0.4,0.044444444444444446,125.46752148,125.46752148,150.847566110208,171.27095365248,129.938148633216,177.45526567296,2,5,0.1724137931034483,0.16666666666666666,4.962880466666665,0.2
2026,A,0000003292,賴鴻誠,AEO011,富邦悍將,1,28,0.125,0.030303030303030304,126.510065496,126.510065496,155.0497738883657,170.05124524608,138.28962232799998,170.73121722624,0.42857142857142855,8,0.2857142857142857,0.2857142857142857,8.842658035714285,0.2857142857142857
2026,A,0000001260,郭俊麟,ADD011,統一7-ELEVEn獅,0,28,0,0,0,111.73181616,153.83785509010286,169.70104394496002,139.31389736351997,171.72629071488,0.42857142857142855,7,0.25,0.25,6.378338642857144,0.35714285714285715
2026,A,0000000128,朱承洋,AJL011,樂天桃猿,4,27,0.4444444444444444,0.09523809523809523,111.511287264,122.032599216,156.90116481762462,167.99168726208,142.47977459114665,169.43275020672,1.3333333333333333,9,0.3333333333333333,0.3333333333333333,16.26309655555556,0.37037037037037035
2026,A,0000005789,林鋅杰,AAA011,味全龍,1,26,0.14285714285714285,0.025,0,119.013555216,155.6652430957292,170.4513764448,144.8187040104369,174.86187219072,11,7,0.2692307692307692,0.2692307692307692,19.437057115384622,0.19230769230769232
2026,A,0000007593,石梓霖,AEO011,富邦悍將,0,26,0,0,0,108.018355464,151.19341834486156,171.94627999296,139.52105986043074,179.15590775808,1.25,5,0.19230769230769232,0.19230769230769232,15.143872499999997,0.3076923076923077
2026,A,0000005509,莊昕諺,AJL011,樂天桃猿,0,26,0,0,0,106.5571656,156.3430752673477,164.73040797312,142.89782567483078,165.99173133312,1,9,0.34615384615384615,0.34615384615384615,19.324555076923076,0.3076923076923077
2026,A,0000006227,曾峻岳,AEO011,富邦悍將,2,25,0.2857142857142857,0.047619047619047616,0,108.804382848,156.42814694496002,168.16774949568,132.56914615464964,168.1759651968,0.3333333333333333,7,0.28,0.28,16.299094399999998,0.4
2026,A,0000002348,施子謙,AKP011,台鋼雄鷹,2,24,0.2857142857142857,0.05714285714285714,130.149042216,130.149042216,154.80511681535998,172.08770914368,135.57802588176,172.47214119168,0.5,7,0.2916666666666667,0.2916666666666667,2.3016663750000013,0.3333333333333333
2026,A,0000006949,林詩翔,AKP011,台鋼雄鷹,1,24,0.1111111111111111,0.024390243902439025,0,106.025789472,158.67279290016003,171.87975775872002,138.57072510336002,176.33955575808,0.5,9,0.375,0.375,17.288447333333334,0.375
2026,A,0000007622,錢可倫,ACN011,中信兄弟,0,24,0,0,0,108.86895168,154.48662629664003,160.65636973056,135.71680296768002,161.98605802368,1.8,8,0.3333333333333333,0.3333333333333333,13.40743125,0.2916666666666667
2026,A,0000001390,王躍霖,AKP011,台鋼雄鷹,2,21,0.2222222222222222,0.07142857142857142,0,114.900510864,160.43934647347197,168.58047381120002,151.80492025398854,172.77094809216,1.75,9,0.42857142857142855,0.42857142857142855,30.63403257142857,0.3333333333333333
2026,A,0000007073,賴胤豪,AJL011,樂天桃猿,2,21,0.2,0.08,113.9787408,117.025332624,160.00983670003197,166.83398956224,142.82716639488,168.24461981184,1.2,10,0.47619047619047616,0.47619047619047616,17.296735714285717,0.3333333333333333
2026,A,0000006720,邱駿威,AJL011,樂天桃猿,0,20,0,0,0,103.11716232,149.026825119744,162.15175608191998,132.612078785472,164.2980094272,1.6666666666666667,2,0.1,0.1,11.88957715,0.2
2026,A,0000006127,李其峰,ADD011,統一7-ELEVEn獅,2,20,0.2857142857142857,0.07407407407407407,0,119.9713374,158.71559259916802,166.94608037184,143.95543133875202,167.16011507712,1.3333333333333333,7,0.35,0.35,20.096963000000002,0.25
2026,A,0000000778,蔡齊哲,ACN011,中信兄弟,0,20,0,0,0,108.18499572,150.99270801753602,160.20997793856,133.828196477184,160.70363616384,0.5714285714285714,5,0.25,0.25,13.72431645,0.5
2026,A,0000003331,李振昌,ACN011,中信兄弟,1,20,0.14285714285714285,0.03333333333333333,109.783726584,109.783726584,155.970774330624,165.86959821696001,141.182982243072,166.83415854336,0.8,7,0.35,0.35,18.399947200000003,0.4
2026,A,0000000998,邱浩鈞,ADD011,統一7-ELEVEn獅,1,19,0.14285714285714285,0.03571428571428571,0,119.8112412,158.5662771264,172.917575424,145.8830568262737,172.917575424,1,7,0.3684210526315789,0.3684210526315789,16.060768947368423,0.3157894736842105
2026,A,0000005558,蘇俊璋,AJL011,樂天桃猿,0,19,0,0,0,115.0341108,155.51378429312,163.22700708864,133.51310437066104,163.22700708864,0.5,5,0.2631578947368421,0.2631578947368421,10.849216473684214,0.5263157894736842
2026,A,0000001232,江忠城,ACN011,中信兄弟,1,18,0.1111111111111111,0.034482758620689655,0,113.228789544,158.18507896576,165.8711431872,143.70235984896,165.8711431872,0.8,9,0.5,0.5,10.46642577777778,0.4444444444444444
2026,A,0000006833,陳宇宏,AKP011,台鋼雄鷹,0,18,0,0,0,113.302926048,153.11254469632001,166.26586699008,132.62241622784,166.26586699008,1,4,0.2222222222222222,0.2222222222222222,10.234845333333332,0.2222222222222222
2026,A,0000005552,呂偉晟,AAA011,味全龍,0,18,0,0,0,105.388172256,153.43730137472,170.84847403008,127.49680489919999,170.84847403008,2,5,0.2777777777777778,0.2777777777777778,0.6765147222222225,0.2777777777777778
2026,A,0000007580,韋宏亮,AKP011,台鋼雄鷹,2,18,0.6666666666666666,0.08333333333333333,0,122.663154216,155.200352032,168.06054304512,123.16825784384001,168.06054304512,1.3333333333333333,3,0.17647058823529413,0.16666666666666666,10.4611665,0.3333333333333333
2026,A,0000007283,陳冠穎,ACN011,中信兄弟,0,17,0,0,0,103.27453056,158.91056140608,166.22465169024,148.00626700619293,166.22465169024,1,7,0.4117647058823529,0.4117647058823529,10.955720294117647,0.29411764705882354
2026,A,0000007293,鍾允華,ADD011,統一7-ELEVEn獅,1,16,0.25,0.034482758620689655,0,116.167439496,154.62798235632,164.90268824832,140.67499301063998,164.90268824832,0.5,4,0.26666666666666666,0.25,15.373003812499999,0.3125
2026,A,0000007047,盧冠宇,AJL011,樂天桃猿,0,15,0,0,0,109.143923952,152.28146770395432,164.36627779968,141.50255504563202,164.36627779968,0.4,4,0.26666666666666666,0.26666666666666666,17.872552133333333,0.4
2026,A,0000006860,劉家翔,AJL011,樂天桃猿,1,15,0.3333333333333333,0.05555555555555555,0,118.030209456,153.53967583378287,165.64927902336,135.60059813836799,165.64927902336,2.5,3,0.2,0.2,28.421865333333336,0.3333333333333333
2026,A,0000006767,許育銘,AKP011,台鋼雄鷹,0,14,0,0,0,109.225518912,154.73917739355426,162.15922343808,138.27213393161142,162.15922343808,0.4,5,0.35714285714285715,0.35714285714285715,22.127540785714285,0.35714285714285715
2026,A,0000007783,阿部雄大,AEO011,富邦悍將,0,14,0,0,0,89.002614984,142.94067879168,154.39656874752,125.32607189897139,154.39656874752,4,1,0.07142857142857142,0.07142857142857142,14.271040499999998,0.21428571428571427
2026,A,0000000938,張瑞麟,AEO011,富邦悍將,1,14,0.3333333333333333,0.045454545454545456,0,105.47757924,154.6856942943086,173.22240127104,134.66281101202287,173.22240127104,0.2,3,0.21428571428571427,0.21428571428571427,15.852196785714284,0.42857142857142855
2026,A,0000006850,鄭副豪,ADD011,統一7-ELEVEn獅,2,14,0.6666666666666666,0.09523809523809523,0,112.369204776,153.71629673965714,165.62533198464,138.65343695506286,165.62533198464,1.5,3,0.21428571428571427,0.21428571428571427,12.566587714285715,0.2857142857142857
2026,A,0000007581,黃暐傑,AAA011,味全龍,1,14,0.2,0.045454545454545456,0,109.621298664,157.20424178523427,170.57536835328,133.9542708768,170.57536835328,0.6666666666666666,5,0.35714285714285715,0.35714285714285715,6.782973714285718,0.35714285714285715
2026,A,0000003608,曾仁和,AAA011,味全龍,0,14,0,0,0,77.43778365600001,157.1129207094857,169.11009282816,138.85571195382857,169.11009282816,0.3333333333333333,5,0.35714285714285715,0.35714285714285715,12.010316571428575,0.42857142857142855
2026,A,0000007276,伍立辰,ACN011,中信兄弟,2,14,0.2857142857142857,0.08695652173913043,0,117.457444536,161.90308944329144,167.1261096384,144.62352038262856,167.1261096384,0.5,7,0.5,0.5,8.472347,0.5714285714285714
2026,A,0000006910,王伯洋,AAA011,味全龍,0,13,0,0,0,114.76378368,146.22374055167998,158.96362952448,131.44964571470769,158.96362952448,2.5,2,0.15384615384615385,0.15384615384615385,22.988701461538465,0.46153846153846156
2026,A,0000005315,高偉強,ADD011,統一7-ELEVEn獅,1,12,0.1111111111111111,0.05263157894736842,113.612255376,113.612255376,162.54843255552,165.80359901952,153.94625820288,165.80359901952,0.6666666666666666,9,0.75,0.75,14.235074249999998,0.3333333333333333
2026,A,0000002303,黃竣彥,ADD011,統一7-ELEVEn獅,1,12,0.2,0.058823529411764705,0,114.856403256,159.94770851136,167.63380939008,147.54058493856002,167.63380939008,1,5,0.4166666666666667,0.4166666666666667,8.785028166666665,0.25
2026,A,0000000363,陳仕朋,AEO011,富邦悍將,1,11,0.25,0.05263157894736842,121.723416192,121.723416192,160.119463603968,169.28634818304,139.17472604928,169.28634818304,1,4,0.36363636363636365,0.36363636363636365,-2.893579090909091,0.2727272727272727
2026,A,0000000776,王凱程,ACN011,中信兄弟,3,11,0.6,0.2,118.69476261,122.036884704,162.256736809728,173.45374447104,142.89283884672003,173.45374447104,3,5,0.45454545454545453,0.45454545454545453,20.795525727272725,0.45454545454545453
2026,A,0000006228,王志煊,AJL011,樂天桃猿,0,11,0,0,0,71.024910528,147.97239902438398,158.03035484544,128.42352101376,158.03035484544,2,2,0.18181818181818182,0.18181818181818182,2.086261818181819,0.18181818181818182
2026,A,0000007292,李軍,ADD011,統一7-ELEVEn獅,0,10,0,0,0,109.339306848,148.62951992908796,156.3938773056,117.037210460544,156.3938773056,3,3,0.3,0.3,-0.8780187000000008,0.1
2026,A,0000003506,謝榮豪,ACN011,中信兄弟,0,10,0,0,0,104.28344904,151.438668505344,156.85683729408,130.59976389926402,156.85683729408,2,3,0.3,0.3,19.786476999999998,0.4
2026,A,0000005572,魏碩成,ACN011,中信兄弟,1,10,0.5,0.0625,0,108.99314244,147.488952086784,160.45220835072,121.93994820902398,160.45220835072,0,2,0.2222222222222222,0.2,-7.113914599999999,0.2
2026,A,0000006215,趙璟榮,AAA011,味全龍,1,10,0.5,0.07142857142857142,0,102.6250932,151.788153648384,174.782000448,130.52029610188796,174.782000448,1,2,0.2,0.2,-9.946304999999999,0.2
2026,A,0000002272,賴智垣,AKP011,台鋼雄鷹,0,9,0,0,0,90.20292348000001,152.38817583264,0,130.19312934144,160.9241806656,0.25,3,0.3333333333333333,0.3333333333333333,14.324853333333335,0.5555555555555556
2026,A,0000000779,陳柏豪,AJL011,樂天桃猿,1,9,0.5,0.07142857142857142,0,103.51744092,157.1359055904,0,142.87457766912,169.09834461696,0.3333333333333333,2,0.25,0.2222222222222222,3.4237939999999996,0.3333333333333333
2026,A,0000006918,李欣穎,AKP011,台鋼雄鷹,1,8,0.25,0.07142857142857142,0,120.61755912,162.58199810688,0,155.75777604288,170.30161893888,0.5,4,0.5,0.5,5.529713624999999,0.25
2026,A,0000007061,辛俊昇,ADD011,統一7-ELEVEn獅,0,8,0,0,0,104.69159148,165.11098161888,0,149.45221537488,170.6639305536,1,4,0.5,0.5,20.5278675,0.5
2026,A,0000007049,林暉盛,ACN011,中信兄弟,2,8,0.6666666666666666,0.125,117.237217392,117.237217392,159.746100624,0,141.76101153456003,168.24144940416,1.5,3,0.375,0.375,20.054722875000007,0.375
2026,A,0000002695,林子崴,ADD011,統一7-ELEVEn獅,0,7,0,0,0,105.819205176,146.19077582207998,0,133.31927086518857,155.59541737344,3,1,0.14285714285714285,0.14285714285714285,3.126293857142857,0.42857142857142855
2026,A,0000005482,吳承諭,ADD011,統一7-ELEVEn獅,0,7,0,0,0,100.57464264,156.31396264704,0,145.48685871908572,163.57298386176,4,2,0.2857142857142857,0.2857142857142857,28.204891857142858,0.14285714285714285
2026,A,0000006848,林詔恩,ADD011,統一7-ELEVEn獅,0,6,0,0,0,92.1719772,137.00349227136,0,128.82852901248,137.82296487168,0,0,0,0,-13.545388499999996,0.16666666666666666
2026,A,0000006222,劉予承,ADD011,統一7-ELEVEn獅,1,5,1,0.2,0,115.03392792,154.67219304768,0,142.213960196352,161.42225654016,1,1,0.2,0.2,17.4427064,0.2
2026,A,0000006878,吳君奕,AAA011,味全龍,0,5,0,0,0,72.53621256000001,158.52324863232002,0,139.82515939814402,162.1650653568,0,2,0.4,0.4,5.436909999999999,0.2
2026,A,0000007305,李致霖,AAA011,味全龍,0,5,0,0,0,86.36320243200001,150.76689452352002,0,144.688127037696,153.54939397248,0,1,0.25,0.2,-7.0657534,0.4
2026,A,0000001412,江少慶,ADD011,統一7-ELEVEn獅,0,5,0,0,0,107.340099264,155.0227564512,0,148.734986678784,158.78943412992,0.5,1,0.2,0.2,5.119095000000001,0.6
2026,A,0000006982,黃群,AKP011,台鋼雄鷹,0,4,0,0,0,79.32783626400001,132.31938658752,0,126.40604115744,134.02768110336,1,0,0,0,23.141815,0.25
2026,A,0000005282,姚杰宏,ADD011,統一7-ELEVEn獅,0,4,0,0,0,66.59340504000001,160.19934017472,0,133.87895760096,165.24015159168,0,2,0.5,0.5,13.673314,0.5
2026,A,0000006922,黃紹睿,AKP011,台鋼雄鷹,1,3,1,0.16666666666666666,0,118.565322432,165.55221948672,0,149.41847614847998,165.55221948672,1,1,0.3333333333333333,0.3333333333333333,15.831193333333331,0.3333333333333333
2026,A,0000001524,劉昱言,AEO011,富邦悍將,0,2,0,0,0,81.67746936000002,142.50916538496,0,133.62365529216,142.50916538496,0,0,0,0,3.9296974999999987,0.5
2026,A,0000007619,王奕翔,AJL011,樂天桃猿,0,2,0,0,0,2.221647576,155.4174078336,0,146.37367508544,155.4174078336,0,1,0.5,0.5,-20.402205000000002,0
2026,A,0000007568,王偉軒,AEO011,富邦悍將,0,2,0,0,0,55.979939856,139.21664068224,0,132.90464062656,139.21664068224,0,0,0,0,1.2948110000000002,0.5
2026,D,0000006724,曹祐齊,AAA022,味全龍二軍,2,80,0.1111111111111111,0.017543859649122806,0,119.093641416,151.360629000768,160.47961547903998,137.965360232304,164.89493121024,1.4705882352941178,18,0.225,0.225,14.3762082875,0.35
2026,D,0000006874,*盧孟揚,ACN022,中信兄弟二軍,4,55,0.36363636363636365,0.056338028169014086,124.232188924,132.932564208,151.23455469056,167.551752158208,130.421468335104,171.5596109568,1.25,11,0.2,0.2,10.660902636363634,0.3090909090909091
2026,D,0000006006,德保拉,ACN022,中信兄弟二軍,1,54,0.125,0.015151515151515152,121.339699408,132.22019784,147.43673829162668,160.88952183321598,127.08715860309333,167.13389886336,0.6923076923076923,8,0.1509433962264151,0.14814814814814814,2.849173222222223,0.3333333333333333
2026,D,0000005541,郭郁政,AAA022,味全龍二軍,1,53,0.125,0.015384615384615385,117.806976984,117.806976984,150.82655909538465,164.59399997568,133.31569760096608,171.3236811264,1.1333333333333333,8,0.1509433962264151,0.1509433962264151,14.349259962264151,0.37735849056603776
2026,D,0000004624,陳克羿,AJL022,樂天桃猿二軍,1,53,0.058823529411764705,0.012658227848101266,0,115.419140256,155.8352486250831,171.15589413964798,136.38708416654495,197.13593344896,0.9166666666666666,17,0.32075471698113206,0.32075471698113206,1.1322975660377348,0.3584905660377358
2026,D,0000007281,游竣宥,ACN022,中信兄弟二軍,1,53,0.06666666666666667,0.014705882352941176,114.212062152,119.651032224,154.49229252864,164.336421249792,141.51011590569058,169.13373409152,1.2,15,0.2830188679245283,0.2830188679245283,19.282043924528303,0.41509433962264153
2026,D,0000003608,曾仁和,AAA022,味全龍二軍,0,47,0,0,0,104.692502832,146.91911360406257,160.56966632256,128.34684402121533,161.59096407168,1.1111111111111112,7,0.14893617021276595,0.14893617021276595,4.825464446808511,0.3191489361702128
2026,D,0000007049,林暉盛,ACN022,中信兄弟二軍,0,44,0,0,116.0077944,120.010284744,152.66013412032,162.18565288992,135.92887671168003,163.35832955904,1.0714285714285714,13,0.3023255813953488,0.29545454545454547,17.908496340909085,0.4772727272727273
2026,D,0000007793,◎榊原元稀,AJL022,樂天桃猿二軍,0,40,0,0,110.418506112,110.418506112,151.518433226688,159.7529202192,134.47483934544002,162.46760593536,0.6363636363636364,8,0.2,0.2,5.3546204249999985,0.275
2026,D,0000007783,阿部雄大,AEO022,富邦悍將二軍,0,39,0,0,0,119.87652936,146.44579444870737,163.03857436416,128.44000696113233,165.52712981376,2.75,5,0.1282051282051282,0.1282051282051282,10.209732512820514,0.23076923076923078
2026,D,0000004629,*楊彬,AJL022,樂天桃猿二軍,1,36,0.125,0.022727272727272728,127.85604096,127.85604096,153.30402533952,162.4692045504,139.60000162239996,165.10649557248,0.8,8,0.2222222222222222,0.2222222222222222,15.317316250000001,0.4166666666666667
2026,D,0000006711,李承鴻,ADD022,統一7-ELEVEn獅二軍,3,35,0.375,0.061224489795918366,116.54887535999998,123.466686264,155.15727536278587,168.69402912384,135.34184842313144,170.37888354432,2,8,0.22857142857142856,0.22857142857142856,16.191626542857136,0.34285714285714286
2026,D,0000007582,◎吳東霖,AAA022,味全龍二軍,1,34,0.09090909090909091,0.024390243902439025,116.951939832,124.80526728,155.10138000564706,164.31561565055998,139.14153212442352,168.98290637184,2.8,11,0.3235294117647059,0.3235294117647059,24.00907855882352,0.23529411764705882
2026,D,0000007264,魔神龍,AAA022,味全龍二軍,1,34,0.25,0.024390243902439025,117.77177868000001,125.836411776,147.79093772566586,164.39339524608,128.8629033380894,168.6315704832,0.75,4,0.11764705882352941,0.11764705882352941,29.223279117647063,0.38235294117647056
2026,D,0000007063,*周彥農,ADD022,統一7-ELEVEn獅二軍,1,32,0.1111111111111111,0.02631578947368421,0,116.778408048,155.60453833056,168.45565845504004,138.04612053408,172.87035727104,1.6,9,0.28125,0.28125,-4.047660906249999,0.25
2026,D,0000007303,黃子豪,AKP022,台鋼雄鷹二軍,0,31,0,0,0,111.882137424,150.16845405619196,164.2622283456,129.66293511378578,165.79207611648,1.4285714285714286,6,0.2,0.1935483870967742,12.04440335483871,0.3870967741935484
2026,D,0000006771,陳正毅,AKP022,台鋼雄鷹二軍,0,29,0,0,0,101.819244672,155.60470213878855,162.32229021888003,141.56943945626483,163.4667832512,1,11,0.3793103448275862,0.3793103448275862,22.192725689655173,0.41379310344827586
2026,D,0000007295,陳鐿中,AEO022,富邦悍將二軍,1,28,0.14285714285714285,0.027777777777777776,0,114.105333384,152.05371334107426,161.26485465024,134.24793419890287,161.42101734528,0.625,7,0.25,0.25,5.810254964285716,0.42857142857142855
2026,D,0000007772,◎莊孟源,AJL022,樂天桃猿二軍,0,27,0,0,0,101.322280464,150.29496986998154,164.94484501440002,128.73323975424,166.656020256,0.625,5,0.19230769230769232,0.18518518518518517,13.937584185185184,0.3333333333333333
2026,D,0000006860,劉家翔,AJL022,樂天桃猿二軍,0,26,0,0,107.43512676,107.43512676,147.83481521545846,158.75785880064,130.0492799849354,159.59793636864,3.5,3,0.11538461538461539,0.11538461538461539,6.888696576923075,0.3076923076923077
2026,D,0000006857,舒治浩,AJL022,樂天桃猿二軍,0,26,0,0,0,108.3646296,152.53286545240616,160.69296621312,136.41947453863384,162.17895399552,3.5,7,0.2692307692307692,0.2692307692307692,14.409776576923074,0.19230769230769232
2026,D,0000006867,*徐基麟,ACN022,中信兄弟二軍,1,26,0.1111111111111111,0.02857142857142857,124.09160856,124.09160856,154.03344874692922,163.68163872192002,135.54469022931693,164.8117924992,1.25,9,0.36,0.34615384615384615,9.141350115384615,0.46153846153846156
2026,D,0000007788,*陶樂,ACN022,中信兄弟二軍,0,24,0,0,0,82.50878697600001,148.50271783776,162.74895950016003,121.82640402767998,163.23490896768,0.125,3,0.125,0.125,-0.09901470833333319,0.4166666666666667
2026,D,0000003334,*鄭凱文,ACN022,中信兄弟二軍,0,22,0,0,114.691594848,114.691594848,147.57068247552,158.36195212991998,132.68929211136,158.70335031936,0.8333333333333334,3,0.13636363636363635,0.13636363636363635,13.069655545454545,0.4090909090909091
2026,D,0000007314,*王宇翔,AJL022,樂天桃猿二軍,2,21,0.3333333333333333,0.06451612903225806,0,117.39338472,157.15887575731202,166.13798851584,141.94979572827432,166.15561083264,0.8333333333333334,6,0.2857142857142857,0.2857142857142857,10.701963857142857,0.5238095238095238
2026,D,0000005479,江國豪,AEO022,富邦悍將二軍,0,21,0,0,0,99.29785372799999,148.577328903168,155.4592507776,134.0760625821257,156.35287122048,0.16666666666666666,2,0.09523809523809523,0.09523809523809523,10.740701999999999,0.38095238095238093
2026,D,0000007794,*馬奎爾,ACN022,中信兄弟二軍,0,20,0,0,112.18860468,112.18860468,147.206138846976,159.55514391168,133.57768518547198,162.70078378752,2.3333333333333335,3,0.15,0.15,38.3265859,0.25
2026,D,0000006739,李東洺,AEO022,富邦悍將二軍,0,19,0,0,0,111.873237264,153.57623604224,166.50002654208,132.39967125402947,166.50002654208,0.7142857142857143,4,0.21052631578947367,0.21052631578947367,12.078094210526316,0.47368421052631576
2026,D,0000007779,蔣銲,AAA022,味全龍二軍,1,18,0.16666666666666666,0.045454545454545456,0,118.4782746,156.46991344512003,163.87632911232,137.5530412256,163.87632911232,1.6666666666666667,6,0.3333333333333333,0.3333333333333333,7.4272851666666675,0.2222222222222222
2026,D,0000007228,鈴木駿輔,AEO022,富邦悍將二軍,0,18,0,0,0,111.018145248,146.900160352,158.39897508864,128.10363487680002,158.39897508864,1.6666666666666667,2,0.1111111111111111,0.1111111111111111,4.906921166666667,0.3333333333333333
2026,D,0000007077,*郭玟毅,AJL022,樂天桃猿二軍,0,18,0,0,0,118.27133064,148.69185196799998,162.3078141696,128.01403196736,162.3078141696,0.6,2,0.1111111111111111,0.1111111111111111,1.09567638888889,0.3888888888888889
2026,D,0000007083,林柏佑,AAA022,味全龍二軍,0,18,0,0,118.85730254399999,123.03380016,150.17086235008,159.0898503744,137.43095996608,159.0898503744,0.5,3,0.16666666666666666,0.16666666666666666,6.65922461111111,0.3888888888888889
2026,D,0000007276,伍立辰,ACN022,中信兄弟二軍,0,17,0,0,0,114.942231888,153.68425096464,164.52883763712,137.41732214309647,164.52883763712,1.3333333333333333,4,0.23529411764705882,0.23529411764705882,10.63104923529412,0.29411764705882354
2026,D,0000007568,王偉軒,AEO022,富邦悍將二軍,1,17,0.25,0.045454545454545456,0,105.305544024,152.84230052256,163.28312491392,139.4356771340047,163.28312491392,0.6666666666666666,4,0.25,0.23529411764705882,13.762470588235294,0.5294117647058824
2026,D,0000007279,鄧朝駿,ACN022,中信兄弟二軍,1,17,0.25,0.045454545454545456,0,117.699029016,154.8313551576,171.48384304128,131.04653322443292,171.48384304128,1,4,0.23529411764705882,0.23529411764705882,18.64180205882353,0.35294117647058826
2026,D,0000006863,*潘奕誠,AEO022,富邦悍將二軍,0,17,0,0,0,107.520172056,149.03359080192,152.43791663232,135.16716860250355,152.43791663232,0.5,0,0,0,0.5383305294117653,0.17647058823529413
2026,D,0000007611,*林紘維,AAA022,味全龍二軍,1,17,0.5,0.038461538461538464,0,117.4107126,148.30071968448,168.02745493248,131.9105682445553,168.02745493248,0.75,2,0.11764705882352941,0.11764705882352941,24.740031352941177,0.29411764705882354
2026,D,0000007617,*陳世展,AJL022,樂天桃猿二軍,0,16,0,0,0,99.87544668,148.02683951088,155.65274220672,128.65724384832,155.65274220672,1,2,0.125,0.125,-1.3454173125000015,0.1875
2026,D,0000007081,黃侰程,AAA022,味全龍二軍,0,16,0,0,0,84.549090744,146.87094829968,164.83530501504,125.01471901248001,164.83530501504,1,3,0.1875,0.1875,1.0102466875000005,0.1875
2026,D,0000005572,魏碩成,ACN022,中信兄弟二軍,0,16,0,0,118.397191704,118.397191704,152.52586325856,164.482198848,137.58016515408002,164.482198848,1,3,0.2,0.1875,-2.433316625,0.375
2026,D,0000007560,*菲力士,ACN022,中信兄弟二軍,0,16,0,0,0,101.58993144,148.10315058,153.65878108416,136.11229657344,153.65878108416,0.75,3,0.1875,0.1875,2.6634531875000027,0.375
2026,D,0000000779,陳柏豪,AJL022,樂天桃猿二軍,1,15,0.5,0.05263157894736842,0,109.76087268,151.8596586415543,163.21944317184,127.50699151027202,163.21944317184,1.3333333333333333,2,0.13333333333333333,0.13333333333333333,11.683616933333333,0.3333333333333333
2026,D,0000007567,◎櫻井周斗,AKP022,台鋼雄鷹二軍,2,15,0.4,0.09523809523809523,0,108.609853392,155.9896537749943,161.99000091648,132.838351210752,161.99000091648,1.5,5,0.3333333333333333,0.3333333333333333,10.3097066,0.4666666666666667
2026,D,0000007623,*呂昱廷,ACN022,中信兄弟二軍,0,15,0,0,0,93.844698264,144.51106057344,152.905382784,125.860959831552,152.905382784,2,1,0.06666666666666667,0.06666666666666667,16.096225999999998,0.26666666666666666
2026,D,0000004626,王奕凱,ACN022,中信兄弟二軍,0,14,0,0,0,105.714997104,150.08091739117714,156.59861804928,130.32029855478856,156.59861804928,1.6666666666666667,4,0.2857142857142857,0.2857142857142857,9.471924357142855,0.42857142857142855
2026,D,0000001603,王維中,AKP022,台鋼雄鷹二軍,2,14,0.5,0.13333333333333333,127.35944556,127.35944556,157.5331434185143,171.47177296128,145.53560115072003,171.47177296128,1,4,0.2857142857142857,0.2857142857142857,17.824545714285712,0.5
2026,D,0000006222,劉予承,ADD022,統一7-ELEVEn獅二軍,0,14,0,0,0,113.07711192,143.27153003026288,158.38035497856,133.56238411748572,158.38035497856,1.3333333333333333,1,0.07142857142857142,0.07142857142857142,16.639674857142857,0.42857142857142855
2026,D,0000006236,楊鈺翔,AAA022,味全龍二軍,1,14,0.16666666666666666,0.045454545454545456,0,115.979301696,159.76946485028571,169.26409095552,138.7174463136,169.26409095552,0.6,6,0.42857142857142855,0.42857142857142855,13.419446642857139,0.35714285714285715
2026,D,0000007285,*林展樟,ACN022,中信兄弟二軍,1,14,0.25,0.05,0,125.537436504,156.0335865671314,163.87090562304,148.44666419465142,163.87090562304,1,4,0.2857142857142857,0.2857142857142857,16.323982214285714,0.42857142857142855
2026,D,0000007316,*賴威誠,AJL022,樂天桃猿二軍,2,14,0.2857142857142857,0.07407407407407407,105.08699328,113.402565168,162.00041567122284,172.9436467968,146.9396399871086,172.9436467968,1.2,7,0.5,0.5,20.481852571428572,0.5
2026,D,0000000776,王凱程,ACN022,中信兄弟二軍,2,14,0.4,0.1111111111111111,0,119.238329976,159.6396919482514,169.26330237696,144.31587358546284,169.26330237696,0.25,5,0.35714285714285715,0.35714285714285715,14.653985214285715,0.6428571428571429
2026,D,0000007055,張景淯,AAA022,味全龍二軍,0,13,0,0,0,103.146197568,157.3384415328,164.90342854656,139.66619359724308,164.90342854656,0.8,5,0.38461538461538464,0.38461538461538464,22.193749384615383,0.38461538461538464
2026,D,0000007789,麥斯威尼,AJL022,樂天桃猿二軍,0,13,0,0,0,98.62399884,148.66405859712,160.68590119296,124.39365149863384,160.68590119296,1,1,0.07692307692307693,0.07692307692307693,13.816079461538461,0.46153846153846156
2026,D,0000006750,陳暐皓,AAA022,味全龍二軍,1,12,0.25,0.0625,0,116.8403556,154.63934901887998,164.50622635392,141.1676457312,164.50622635392,1.25,4,0.3333333333333333,0.3333333333333333,34.39999533333334,0.6666666666666666
2026,D,0000006722,*賴知頎,AAA022,味全龍二軍,0,12,0,0,0,114.310418064,157.51038116352,172.24361434368,140.83688798784002,172.24361434368,0.8,4,0.3333333333333333,0.3333333333333333,25.350600500000002,0.5
2026,D,0000006848,林詔恩,ADD022,統一7-ELEVEn獅二軍,1,12,1,0.05555555555555555,0,113.268184944,143.29356769728,162.8500021632,128.96338935743998,162.8500021632,3,1,0.08333333333333333,0.08333333333333333,18.956444166666675,0.4166666666666667
2026,D,0000006881,*鄭展昊,AAA022,味全龍二軍,0,12,0,0,0,98.72040098400001,152.8739201088,169.83626102784,132.55732407456,169.83626102784,0,3,0.25,0.25,-17.45806633333333,0.08333333333333333
2026,D,0000004646,*翁瑋均,AAA022,味全龍二軍,0,12,0,0,0,102.759010128,150.58626979968003,163.234957248,131.6948793072,163.234957248,0.2,3,0.25,0.25,21.742288916666666,0.5
2026,D,0000000135,陳禹勳,AAA022,味全龍二軍,1,12,0.5,0.05555555555555555,118.12420368,121.98214872,147.79294751232,158.27177253888,123.07211339807999,158.27177253888,0,2,0.16666666666666666,0.16666666666666666,3.238131999999999,0.25
2026,D,0000006555,梅賽鍶,AAA022,味全龍二軍,0,12,0,0,0,103.755005088,149.81450620223998,161.88130582272,120.99609048384002,161.88130582272,3,2,0.18181818181818182,0.16666666666666666,-8.165429,0.25
2026,D,0000001260,郭俊麟,ADD022,統一7-ELEVEn獅二軍,2,12,0.6666666666666666,0.1111111111111111,108.5699124,109.68531276,156.76883568192,175.25677302144,139.39107345504,175.25677302144,0.6666666666666666,3,0.25,0.25,15.059118416666669,0.25
2026,D,0000007073,賴胤豪,AJL022,樂天桃猿二軍,1,11,0.5,0.06666666666666667,0,102.622916928,154.40168002406398,171.8904920832,123.93935315712001,171.8904920832,0.5,2,0.18181818181818182,0.18181818181818182,15.300796818181821,0.36363636363636365
2026,D,0000007585,◎陳原維,ACN022,中信兄弟二軍,0,11,0,0,0,108.32192712,156.02213171635202,165.42614347776,141.03999524736003,165.42614347776,2,3,0.2727272727272727,0.2727272727272727,16.702393727272725,0.36363636363636365
2026,D,0000007630,*邱立璿,AKP022,台鋼雄鷹二軍,0,11,0,0,0,99.077526,151.026998310144,156.64424295168,125.60533728768,156.64424295168,0.3333333333333333,2,0.18181818181818182,0.18181818181818182,-0.39781754545454623,0.36363636363636365
2026,D,0000006712,*楊孟沅,ADD022,統一7-ELEVEn獅二軍,0,11,0,0,0,112.443387,151.99977272832,159.4134894528,134.87861003904,159.4134894528,1.5,3,0.2727272727272727,0.2727272727272727,13.754236363636364,0.2727272727272727
2026,D,0000007615,*李柏毓,AJL022,樂天桃猿二軍,1,11,0.25,0.058823529411764705,0,115.044632496,156.703173910272,161.4213874944,143.26165367424002,161.4213874944,1.5,4,0.36363636363636365,0.36363636363636365,22.951372727272727,0.2727272727272727
2026,D,0000006917,謝葆錡,AKP022,台鋼雄鷹二軍,1,11,1,0.0625,0,109.617644112,151.58734614144,159.8125262976,141.10784665344002,159.8125262976,6,1,0.09090909090909091,0.09090909090909091,23.772868727272726,0.45454545454545453
2026,D,0000007616,*鍾亦恩,AJL022,樂天桃猿二軍,0,10,0,0,0,89.756595696,150.334433213184,164.82819171456,133.87375861516801,164.82819171456,0.3333333333333333,2,0.2,0.2,23.540386900000005,0.3
2026,D,0000007299,陳品宏,AEO022,富邦悍將二軍,0,10,0,0,0,104.322877968,140.769905481216,153.52504459776,124.20208558771199,153.52504459776,5,1,0.1,0.1,3.175694599999999,0.2
2026,D,0000004637,劉軒荅,ADD022,統一7-ELEVEn獅二軍,2,10,0.6666666666666666,0.18181818181818182,116.598231624,120.174952944,153.90569629670398,158.50868406912,134.96878685030399,158.50868406912,3,3,0.3,0.3,18.851254000000004,0.4
2026,D,0000006864,*郭泰呈,AEO022,富邦悍將二軍,0,10,0,0,0,114.955298664,152.328774140928,155.77753074048,138.99075959577598,155.77753074048,3,3,0.3,0.3,-0.9445069999999991,0.2
2026,D,0000001404,*羅華韋,AEO022,富邦悍將二軍,1,9,1,0.08333333333333333,0,118.360569984,145.11715964063998,0,134.54470610943997,158.29110076032,4,1,0.1111111111111111,0.1111111111111111,21.268938777777777,0.3333333333333333
2026,D,0000001524,劉昱言,AEO022,富邦悍將二軍,0,9,0,0,0,98.00839123200001,148.63604662368,0,126.96751043327998,152.43872130432,1,0,0,0,26.693791444444447,0.4444444444444444
2026,D,0000006921,伍祐城,AKP022,台鋼雄鷹二軍,0,9,0,0,0,84.184461552,150.62137763904,0,127.38115833343997,158.61329142912,0.5,2,0.2222222222222222,0.2222222222222222,5.653673222222222,0.3333333333333333
2026,D,0000003506,謝榮豪,ACN022,中信兄弟二軍,1,9,0.3333333333333333,0.07142857142857142,116.79039888,116.79039888,154.32278434848,0,128.83493241344001,164.20626072576,2,3,0.3333333333333333,0.3333333333333333,1.912214888888889,0.2222222222222222
2026,D,0000000778,蔡齊哲,ACN022,中信兄弟二軍,0,9,0,0,0,102.29298312,146.94093665856002,0,129.84153774592002,161.3720611008,1.5,1,0.1111111111111111,0.1111111111111111,13.254035,0.4444444444444444
2026,D,0000007305,李致霖,AAA022,味全龍二軍,0,9,0,0,0,101.253352992,158.20965588384001,0,132.1753422528,167.7663871488,0,3,0.3333333333333333,0.3333333333333333,-0.6590763333333322,0.1111111111111111
2026,D,0000007787,黎克,ACN022,中信兄弟二軍,0,8,0,0,0,85.97878867200001,162.2464981632,0,146.03781706272,170.27664192,0,4,0.5,0.5,6.055732624999999,0.25
2026,D,0000007062,威能帝,AJL022,樂天桃猿二軍,0,8,0,0,0,81.92331494400001,137.58001427808,0,116.25336578592001,153.35305400448,1,1,0.125,0.125,15.688808625,0.375
2026,D,0000007581,黃暐傑,AAA022,味全龍二軍,0,8,0,0,0,85.207989096,152.53258629312,0,135.65060796672,165.2323140864,0.6666666666666666,2,0.25,0.25,16.506514499999998,0.375
2026,D,0000004625,*吳俊偉,ACN022,中信兄弟二軍,0,8,0,0,0,101.568461328,148.21484106527998,0,123.99372301535999,152.58755343744,3,0,0,0,6.877676375,0.375
2026,D,0000006729,*陳志杰,AAA022,味全龍二軍,0,7,0,0,0,97.93243202400001,157.07394316416,0,144.99614674285715,166.93493566464,0.25,2,0.2857142857142857,0.2857142857142857,10.854672000000003,0.7142857142857143
2026,D,0000007626,*徐磊,ACN022,中信兄弟二軍,0,7,0,0,0,111.900815568,155.22202274304001,0,124.69023502848002,160.42208143104,0,2,0.3333333333333333,0.2857142857142857,14.248793000000001,0.5714285714285714
2026,D,0000007620,*高秉洋,ACN022,中信兄弟二軍,0,7,0,0,0,55.601774496,152.4932834304,0,140.64134004699426,153.361229472,0,1,0.14285714285714285,0.14285714285714285,7.030666999999999,0.14285714285714285
2026,D,0000006982,黃群,AKP022,台鋼雄鷹二軍,0,7,0,0,0,103.274448264,154.79072391551998,0,128.1408915735771,158.311973952,2,2,0.2857142857142857,0.2857142857142857,15.47052128571429,0.14285714285714285
2026,D,0000006210,*林原裕,ADD022,統一7-ELEVEn獅二軍,1,7,0.5,0.1,0,112.35775344,154.3655137728,0,136.28708972434285,166.03305928704,0,2,0.2857142857142857,0.2857142857142857,-3.381015285714286,0.14285714285714285
2026,D,0000006923,*曾品洋,ACN022,中信兄弟二軍,0,7,0,0,0,91.59328392,138.00196684032,0,122.53481531958857,140.96009131776,0.25,0,0,0,8.519284142857142,0.5714285714285714
2026,D,0000007044,*鄭澔,ADD022,統一7-ELEVEn獅二軍,0,7,0,0,0,104.951854104,149.9310736704,0,140.9868340169143,157.5727217856,1,1,0.14285714285714285,0.14285714285714285,26.734623,0.2857142857142857
2026,D,0000006740,楊強森,ADD022,統一7-ELEVEn獅二軍,0,7,0,0,0,120.122100624,152.98712673024,0,135.98518138806858,158.16082436352,1,2,0.2857142857142857,0.2857142857142857,22.262875428571427,0.42857142857142855
2026,D,0000006159,*林逸達,AAA022,味全龍二軍,0,7,0,0,0,93.65274741600001,146.80913943168,0,135.90996064950858,159.30659682432,0,1,0.14285714285714285,0.14285714285714285,16.815189571428572,0.14285714285714285
2026,D,0000007619,王奕翔,AJL022,樂天桃猿二軍,0,7,0,0,0,112.849874376,151.39910117376,0,132.9081455478857,152.42130820224,5,0,0,0,16.77653457142857,0.5714285714285714
2026,D,0000003393,王鏡銘,ADD022,統一7-ELEVEn獅二軍,0,6,0,0,0,92.738582112,144.2398968384,0,137.6659948224,151.79858863488,0.3333333333333333,0,0,0,16.8025835,0.5
2026,D,0000003292,賴鴻誠,AEO022,富邦悍將二軍,0,6,0,0,0,87.78765475200001,145.33012547328,0,129.80136941376,151.77922822656,1,0,0,0,18.733920833333332,0.3333333333333333
2026,D,0000007604,*曾偉喆,ADD022,統一7-ELEVEn獅二軍,0,6,0,0,0,90.740554104,148.42836480384003,0,130.9338674688,148.7152947456,1,0,0,0,21.902451,0.5
2026,D,0000007607,*何宗旂,AAA022,味全龍二軍,0,6,0,0,0,88.31802504,138.46899846912,0,129.75630509952,147.29281167744,0.6666666666666666,0,0,0,15.39647766666667,0.6666666666666666
2026,D,0000007584,◎陳聖凱,ACN022,中信兄弟二軍,0,6,0,0,0,98.69694357600001,145.78345622016,0,130.25709540096,161.48691998208,1,1,0.16666666666666666,0.16666666666666666,15.147346166666667,0.3333333333333333
2026,D,0000006918,李欣穎,AKP022,台鋼雄鷹二軍,0,5,0,0,0,78.88449552,131.83501427712,0,114.89357873663998,133.61646152448,0,0,0,0,21.1961376,0.2
2026,D,0000007294,林易霆,ADD022,統一7-ELEVEn獅二軍,0,5,0,0,0,109.551545184,150.4889930016,0,136.375405005312,152.97065777664,2,1,0.2,0.2,13.636488200000002,0.4
2026,D,0000007577,◎李斯特,AEO022,富邦悍將二軍,0,5,0,0,0,88.13228601600001,152.61132344831998,0,143.05038777216,156.50517953664,1,1,0.2,0.2,2.428513199999999,0.4
2026,D,0000005285,許峻暘,AKP022,台鋼雄鷹二軍,0,5,0,0,0,99.8557566,146.93256806976,0,126.36806627174401,148.89517112448,3,0,0,0,29.482075399999996,0.2
2026,D,0000006875,陳柏均,ACN022,中信兄弟二軍,0,5,0,0,0,92.39830339200002,145.7668960704,0,137.05082093260802,147.32995533696,2,0,0,0,22.273163599999997,0.4
2026,D,0000001232,江忠城,ACN022,中信兄弟二軍,0,4,0,0,0,88.028141952,122.913446832,0,107.71655628096,129.40167005568,1,0,0,0,-14.786523500000001,0.25
2026,D,0000003620,*江承峰,ADD022,統一7-ELEVEn獅二軍,0,4,0,0,0,92.68577856,141.67004537664,0,128.97231719328,145.57712222592,0,0,0,0,17.07884925,0.5
2026,D,0000006859,*洪敏暘,AJL022,樂天桃猿二軍,0,4,0,0,0,72.281972784,150.0893928864,0,141.15037210559998,151.04245444992,1,0,0,0,18.910821000000002,0.5
2026,D,0000005482,吳承諭,ADD022,統一7-ELEVEn獅二軍,0,4,0,0,0,94.609974864,151.44115333247998,0,135.65247480576,156.57663441024,0,1,0.25,0.25,19.825445000000002,0
2026,D,0000002276,鄭鈞仁,ADD022,統一7-ELEVEn獅二軍,0,4,0,0,0,105.34742964,144.6074441856,0,133.74829093824002,148.00868007552,0,0,0,0,48.4839215,0.25
2026,D,0000007580,韋宏亮,AKP022,台鋼雄鷹二軍,0,4,0,0,0,95.56008218400001,154.19919075264,0,149.17622696064,159.04321158528,0,1,0.25,0.25,5.03619475,0.5
2026,D,0000006878,吳君奕,AAA022,味全龍二軍,0,4,0,0,0,44.941681008,144.9476192736,0,125.97433060608,146.15638950528,0,0,0,0,1.875644750000001,0
2026,D,0000006922,黃紹睿,AKP022,台鋼雄鷹二軍,0,3,0,0,0,97.28777088000001,139.18133167488,0,124.50277863935999,139.18133167488,0,0,0,0,17.236202333333335,0.3333333333333333
2026,D,0000006723,張鈞守,AAA022,味全龍二軍,0,3,0,0,0,88.364970336,133.1199467136,0,118.60038613631998,133.1199467136,0,0,0,0,-0.8932249999999998,0.3333333333333333
2026,D,0000007067,*曾奕翔,AKP022,台鋼雄鷹二軍,0,3,0,0,112.488921072,112.488921072,151.09722042624,0,130.57269312384003,151.09722042624,1,0,0,0,15.701209666666665,0.6666666666666666
2026,D,0000007311,*吳承翰,AAA022,味全龍二軍,0,3,0,0,0,83.36624424,139.98775785984,0,127.72798984704,139.98775785984,0.5,0,0,0,23.734486,0.6666666666666666
2026,D,0000007296,*黃英奇,AEO022,富邦悍將二軍,0,3,0,0,0,76.95146916,166.60136693376,0,140.14258748160003,166.60136693376,0,1,0.3333333333333333,0.3333333333333333,20.742264000000002,0.3333333333333333
2026,D,0000006920,陳冠豪,AKP022,台鋼雄鷹二軍,0,2,0,0,0,76.777233288,158.81259259008,0,145.87764307776,158.81259259008,0,1,0.5,0.5,2.231024,0.5
2026,D,0000005282,姚杰宏,ADD022,統一7-ELEVEn獅二軍,0,2,0,0,0,97.020561864,144.59225197824,0,121.21244264448,144.59225197824,0,0,0,0,-14.115642999999999,0
2026,D,0000000128,朱承洋,AJL022,樂天桃猿二軍,0,2,0,0,0,40.117459008,152.38110678912,0,132.76638188352,152.38110678912,0,0,0,0,0.03359550000000011,0
2026,D,0000007606,吳紹遠,ADD022,統一7-ELEVEn獅二軍,0,2,0,0,0,1.783595112,130.0932534528,0,126.01707478272002,130.0932534528,0,0,0,0,15.668523500000001,0
2026,D,0000007613,*林軒宇,AAA022,味全龍二軍,0,2,0,0,0,37.949608632,143.44263318528,0,137.32263591551998,143.44263318528,0,0,0,0,28.385726,0
2026,D,0000007781,◎朱柏翰,ADD022,統一7-ELEVEn獅二軍,0,1,0,0,0,96.36284308799999,0,0,136.82212993152,136.82212993152,0,0,0,0,30.196575,1
2026,D,0000007625,*陳英睿,ACN022,中信兄弟二軍,0,1,0,0,0,12.254206632,0,0,161.86875293952,161.86875293952,0,1,1,1,-1.437634,0
2026,D,0000002272,賴智垣,AKP022,台鋼雄鷹二軍,0,1,0,0,0,73.441145472,0,0,131.40499756032,131.40499756032,0,0,0,0,19.284891,1
2026,D,0000006215,趙璟榮,AAA022,味全龍二軍,0,1,0,0,0,80.72877936,0,0,129.31960960512,129.31960960512,0,0,0,0,26.988295,1
2026,D,0000007292,李軍,ADD022,統一7-ELEVEn獅二軍,0,1,0,0,0,94.625044176,0,0,149.291198496,149.291198496,0,0,0,0,20.332872,1
2026,D,0000007074,曾家輝,AJL022,樂天桃猿二軍,0,1,0,0,0,88.52983056000001,0,0,144.83555260416,144.83555260416,0,0,0,0,22.598925,1
