year,game_kind,player_id,player_name,team_code,team_name,ba,ba_pr,bbp,bbp_pr,brl,brl_pr,brlp,chasep,chasep_pr,ev,ev_pr,hard_hitp,hard_hitp_pr,iso,iso_pr,kp,kp_pr,max_ev,max_ev_pr,obp,obp_pr,pa,prlp_pr,slg,slg_pr,whiffp,whiffp_pr,woba,woba_pr
2026,A,0000005604,勝騎士,ACN011,中信兄弟,0.23699421965317918,62,0.010869565217391304,92,11,0,0.07913669064748201,0.3125,85,142.96392348838646,20,0.33962264150943394,30,0.10982658959537572,34,0.21739130434782608,81,177.12988850304,9,0.25274725274725274,85,184,15,0.3468208092485549,41,0.2626582278481013,82,0.27474725274725287,68
2026,A,0000007790,魔爾曼,AJL011,樂天桃猿,0.22580645161290322,67,0.08522727272727272,48,9,2,0.0703125,0.3116438356164384,84,135.66772265044114,62,0.3047619047619048,40,0.0838709677419355,45,0.19318181818181818,70,176.22189661824,12,0.28735632183908044,65,176,22,0.3096774193548387,56,0.28762541806020064,92,0.27912068965517256,64
2026,A,0000007074,曾家輝,AJL011,樂天桃猿,0.22522522522522523,68,0.05737704918032787,67,9,2,0.10344827586206896,0.2680851063829787,56,136.26633294638683,58,0.3058823529411765,39,0.06306306306306306,54,0.20491803278688525,74,173.86752290688,20,0.28688524590163933,66,122,7,0.2882882882882883,65,0.2237442922374429,69,0.27808196721311496,66
2026,A,0000007789,麥斯威尼,AJL011,樂天桃猿,0.25190839694656486,46,0.09523809523809523,39,7,4,0.059322033898305086,0.3204225352112676,87,136.6426030101943,56,0.2571428571428571,58,0.13740458015267176,19,0.11564625850340136,25,171.11725057152,34,0.3219178082191781,46,147,32,0.3893129770992366,25,0.1527777777777778,30,0.33730136986301384,37
2026,A,0000006555,梅賽鍶,AAA011,味全龍,0.2857142857142857,25,0.05925925925925926,66,7,4,0.06481481481481481,0.25882352941176473,51,138.7264109653471,42,0.3010752688172043,44,0.09523809523809523,39,0.14074074074074075,39,174.56655756672,17,0.3283582089552239,43,135,26,0.38095238095238093,31,0.14901960784313725,27,0.33210447761194056,41
2026,A,0000001719,胡智爲,ADD011,統一7-ELEVEn獅,0.3103448275862069,15,0.07920792079207921,53,7,4,0.09333333333333334,0.21511627906976744,29,140.04358991782055,31,0.35135135135135137,26,0.22988505747126436,5,0.16831683168316833,58,179.86847700096,3,0.37373737373737376,27,101,11,0.5402298850574713,5,0.1871345029239766,48,0.41973737373737385,12
2026,A,0000002679,江承諺,AKP011,台鋼雄鷹,0.21804511278195488,71,0.05555555555555555,69,6,7,0.05,0.20408163265306123,25,138.48769234079998,45,0.34782608695652173,28,0.03759398496240601,72,0.10416666666666667,18,176.22368299008,11,0.26573426573426573,80,144,38,0.2556390977443609,74,0.11864406779661017,13,0.24758741258741274,83
2026,A,0000007787,黎克,ACN011,中信兄弟,0.2892561983471074,22,0.11029411764705882,30,6,7,0.0594059405940594,0.29571984435797666,74,131.00464697286617,87,0.25287356321839083,61,0.12396694214876036,23,0.14705882352941177,45,170.55253176192,42,0.36764705882352944,29,136,31,0.4132231404958678,23,0.26171875,80,0.37237500000000023,20
2026,A,0000007779,蔣銲,AAA011,味全龍,0.16822429906542055,87,0.09016393442622951,43,6,7,0.0759493670886076,0.25654450261780104,50,136.81684361965713,55,0.2222222222222222,75,0.12149532710280372,24,0.23770491803278687,86,170.59777042176,40,0.26229508196721313,82,122,19,0.2897196261682243,63,0.2849740932642487,90,0.2693278688524591,70
2026,A,0000002274,黃子鵬,AKP011,台鋼雄鷹,0.25146198830409355,47,0.05181347150259067,73,5,10,0.03164556962025317,0.27111111111111114,57,141.0638314037548,28,0.3119266055045872,38,0.1111111111111111,32,0.09844559585492228,16,172.95930571392,25,0.3036649214659686,58,193,57,0.36257309941520466,33,0.14935064935064934,28,0.3089476439790578,51
2026,A,0000000762,伍鐸,AAA011,味全龍,0.26495726495726496,38,0.07874015748031496,54,5,10,0.045871559633027525,0.2127659574468085,28,138.3144004779429,46,0.36904761904761907,20,0.11965811965811968,25,0.06299212598425197,8,178.16482544256,7,0.3228346456692913,45,127,42,0.38461538461538464,28,0.12690355329949238,17,0.33474803149606314,38
2026,A,0000002345,鄭浩均,ACN011,中信兄弟,0.25757575757575757,44,0.08552631578947369,47,5,10,0.05,0.2894736842105263,69,139.38908189184002,36,0.30120481927710846,42,0.14393939393939392,16,0.2236842105263158,84,173.49634380672,22,0.3443708609271523,37,152,38,0.4015151515151515,24,0.26877470355731226,85,0.35501986754966897,29
2026,A,0000005541,郭郁政,AAA011,味全龍,0.25806451612903225,42,0,96,5,10,0.08771929824561403,0.25,48,139.09606949190854,40,0.35714285714285715,24,0.11290322580645162,30,0.08064516129032258,14,172.29216825216,31,0.25806451612903225,84,62,13,0.3709677419354839,32,0.12173913043478261,14,0.2925806451612904,57
2026,A,0000006832,陳柏清,AKP011,台鋼雄鷹,0.16666666666666666,89,0.047619047619047616,77,5,10,0.10204081632653061,0.24778761061946902,46,138.6415678431443,43,0.2826086956521739,51,0.05000000000000002,64,0.1746031746031746,62,188.90542636416,0,0.20634920634920634,95,63,8,0.21666666666666667,89,0.2,57,0.2055873015873016,92
2026,A,0000006749,魔力藍,AEO011,富邦悍將,0.21153846153846154,74,0.07514450867052024,56,4,17,0.031746031746031744,0.2981132075471698,75,137.88755695589435,49,0.25471698113207547,59,0.051282051282051294,63,0.1907514450867052,69,168.24703382784,54,0.27485380116959063,73,173,56,0.26282051282051283,72,0.19135802469135801,53,0.25924561403508783,75
2026,A,0000005151,羅戈,ACN011,中信兄弟,0.22413793103448276,69,0.07407407407407407,59,4,17,0.03225806451612903,0.3230240549828179,89,132.7601091137243,79,0.2524271844660194,62,0.10344827586206895,35,0.2698412698412698,92,170.65907033472,38,0.28191489361702127,69,189,54,0.3275862068965517,51,0.26558265582655827,83,0.28791489361702144,59
2026,A,0000006906,艾菩樂,AJL011,樂天桃猿,0.2534246575342466,46,0.0379746835443038,83,4,17,0.03225806451612903,0.29130434782608694,70,134.82882643109647,67,0.23529411764705882,71,0.17123287671232873,12,0.15822784810126583,54,185.4612853632,1,0.2967741935483871,62,158,54,0.4246575342465753,19,0.16793893129770993,42,0.3417290322580647,33
2026,A,0000006497,鋼龍,AAA011,味全龍,0.2222222222222222,70,0.05521472392638037,70,4,17,0.034482758620689655,0.305019305019305,80,137.20116947867234,53,0.30851063829787234,38,0.13071895424836605,22,0.2331288343558282,85,173.32951920768,23,0.26380368098159507,81,163,52,0.35294117647058826,39,0.26644736842105265,84,0.2897607361963191,58
2026,A,0000005731,布雷克,ADD011,統一7-ELEVEn獅,0.25,51,0.029850746268656716,87,4,17,0.036036036036036036,0.34459459459459457,92,140.15215079826504,31,0.30120481927710846,42,0.0859375,43,0.14925373134328357,46,176.18673245184,13,0.2706766917293233,77,134,49,0.3359375,46,0.15546218487394958,31,0.2815037593984965,63
2026,A,0000006739,李東洺,AEO011,富邦悍將,0.256,45,0.07971014492753623,52,4,17,0.03773584905660377,0.24796747967479674,46,139.20413515973488,38,0.38095238095238093,17,0.055999999999999994,59,0.14492753623188406,42,169.73080071552,46,0.3188405797101449,47,138,48,0.312,55,0.1377952755905512,23,0.30083333333333356,54
2026,A,0000007570,坎南,AKP011,台鋼雄鷹,0.27358490566037735,32,0.044642857142857144,78,4,17,0.046511627906976744,0.26256983240223464,54,137.62022206969752,50,0.21951219512195122,77,0.06603773584905659,52,0.19642857142857142,72,177.33277850112,8,0.30357142857142855,59,112,40,0.33962264150943394,43,0.18877551020408162,50,0.29923214285714306,54
2026,A,0000007228,鈴木駿輔,AEO011,富邦悍將,0.23333333333333334,63,0.08,51,4,17,0.0625,0.305,79,139.18100798907872,38,0.41935483870967744,11,0.1111111111111111,32,0.26,91,168.8276690496,51,0.31,54,100,29,0.34444444444444444,42,0.2620320855614973,81,0.31428000000000017,49
2026,A,0000007299,陳品宏,AEO011,富邦悍將,0.2698412698412698,35,0.08333333333333333,50,4,17,0.07142857142857142,0.2753623188405797,62,138.1748426975553,48,0.3023255813953488,41,0.1746031746031746,11,0.1388888888888889,38,174.4477396992,18,0.32857142857142857,42,72,21,0.4444444444444444,16,0.18018018018018017,46,0.35905714285714296,25
2026,A,0000000941,陳冠宇,AJL011,樂天桃猿,0.17307692307692307,85,0.10344827586206896,34,4,17,0.10810810810810811,0.3,77,136.19003708489143,59,0.2857142857142857,48,0.11538461538461536,29,0.25862068965517243,90,170.81667339264,36,0.25862068965517243,83,58,5,0.28846153846153844,64,0.3333333333333333,99,0.2666724137931034,72
2026,A,0000000128,朱承洋,AJL011,樂天桃猿,0.27906976744186046,27,0.041666666666666664,82,4,17,0.12903225806451613,0.3375,92,142.47977459114665,23,0.3333333333333333,33,0.20930232558139533,7,0.2708333333333333,92,169.43275020672,46,0.3333333333333333,39,48,3,0.4883720930232558,12,0.29545454545454547,94,0.37381250000000005,19
2026,A,0000007597,獅帝芬,ADD011,統一7-ELEVEn獅,0.23756906077348067,61,0.07425742574257425,58,3,26,0.019867549668874173,0.2996742671009772,76,134.38713151306672,70,0.24074074074074073,70,0.04419889502762431,69,0.17326732673267325,60,174.2023147392,19,0.3,62,202,62,0.281767955801105,66,0.15789473684210525,35,0.2789000000000002,65
2026,A,0000007062,威能帝,AJL011,樂天桃猿,0.17647058823529413,85,0.027777777777777776,89,3,26,0.046153846153846156,0.2905027932960894,69,136.1825132739657,60,0.20634920634920634,80,0.04901960784313725,65,0.3611111111111111,98,175.90062327552,15,0.21296296296296297,93,108,41,0.22549019607843138,87,0.31718061674008813,97,0.2065648148148149,91
2026,A,0000005790,張奕,AEO011,富邦悍將,0.25,51,0.06153846153846154,65,3,26,0.06382978723404255,0.27184466019417475,59,137.45114816475427,51,0.2857142857142857,48,0.06666666666666665,50,0.2153846153846154,78,179.22007230336,4,0.2923076923076923,63,65,27,0.31666666666666665,53,0.22131147540983606,67,0.2876461538461539,61
2026,A,0000006870,林栚呈,AEO011,富邦悍將,0.19607843137254902,79,0.05357142857142857,72,3,26,0.06666666666666667,0.14285714285714285,6,140.78064437962107,30,0.3157894736842105,37,0.11764705882352941,26,0.125,31,167.90783239296,60,0.25,88,56,24,0.3137254901960784,54,0.20430107526881722,59,0.2660892857142857,73
2026,A,0000003639,呂彥青,ACN011,中信兄弟,0.1836734693877551,81,0.07142857142857142,61,3,26,0.07317073170731707,0.29245283018867924,72,135.4683092952137,65,0.22857142857142856,73,0.0816326530612245,46,0.17857142857142858,64,166.97626361856,65,0.2545454545454545,85,56,20,0.2653061224489796,69,0.2692307692307692,86,0.24401851851851852,85
2026,A,0000005479,江國豪,AEO011,富邦悍將,0.41025641025641024,7,0.10416666666666667,33,3,26,0.07692307692307693,0.27380952380952384,61,143.64696854825513,18,0.40540540540540543,13,0.15384615384615385,15,0.0625,8,172.23724134144,31,0.46808510638297873,9,48,17,0.5641025641025641,4,0.1891891891891892,51,0.46636170212765976,8
2026,A,0000007290,張宥謙,ADD011,統一7-ELEVEn獅,0.25806451612903225,42,0.15384615384615385,17,3,26,0.1,0.17857142857142858,14,144.61414460610206,12,0.4482758620689655,9,0.12903225806451613,23,0.05128205128205128,6,172.34765843328,30,0.38461538461538464,23,39,9,0.3870967741935484,26,0.07692307692307693,4,0.3638205128205128,24
2026,A,0000001390,王躍霖,AKP011,台鋼雄鷹,0.24242424242424243,57,0.07692307692307693,55,3,26,0.10714285714285714,0.1794871794871795,15,151.80492025398854,2,0.42857142857142855,10,0.09090909090909088,40,0.15384615384615385,51,172.77094809216,27,0.3333333333333333,39,39,6,0.3333333333333333,48,0.18032786885245902,46,0.31571794871794867,47
2026,A,0000000776,王凱程,ACN011,中信兄弟,0.42857142857142855,6,0,96,3,26,0.21428571428571427,0.17857142857142858,14,142.89283884672003,22,0.45454545454545453,8,0.9285714285714286,0,0.06666666666666667,10,173.45374447104,23,0.42857142857142855,13,15,2,1.3571428571428572,0,0.16,37,0.8544285714285715,0
2026,A,0000006237,林子崴,AJL011,樂天桃猿,0.21311475409836064,72,0.045454545454545456,77,2,37,0.03508771929824561,0.24175824175824176,43,131.92751176243203,85,0.2545454545454545,60,0.016393442622950838,81,0.10606060606060606,19,167.27946402816,62,0.25,88,66,51,0.22950819672131148,86,0.09433962264150944,6,0.228109375,88
2026,A,0000006818,髙塩將樹,ADD011,統一7-ELEVEn獅,0.2413793103448276,59,0.03278688524590164,86,2,37,0.038461538461538464,0.3611111111111111,96,134.46228006144003,69,0.24242424242424243,69,0.03448275862068964,74,0.11475409836065574,24,167.52894453504,62,0.26666666666666666,79,61,47,0.27586206896551724,68,0.1592920353982301,36,0.25283333333333335,81
2026,A,0000000771,陳琥,ACN011,中信兄弟,0.23333333333333334,63,0.1232876712328767,23,2,37,0.04,0.18493150684931506,19,139.84009518336,32,0.24444444444444444,67,0.15000000000000002,15,0.1780821917808219,63,165.93973342848,70,0.3333333333333333,39,73,46,0.38333333333333336,30,0.25396825396825395,78,0.3413055555555557,34
2026,A,0000005788,林凱威,AAA011,味全龍,0.26785714285714285,38,0.1076923076923077,31,2,37,0.041666666666666664,0.2235294117647059,37,134.03564008815485,71,0.25806451612903225,57,0.0892857142857143,41,0.13846153846153847,38,168.59603616768,52,0.35384615384615387,33,65,44,0.35714285714285715,37,0.1743119266055046,45,0.339923076923077,35
2026,A,0000006160,李超,AAA011,味全龍,0.2127659574468085,73,0.1111111111111111,29,2,37,0.05128205128205128,0.2872340425531915,68,130.94436039168,88,0.18181818181818182,88,0.08510638297872339,44,0.18518518518518517,67,177.45526567296,8,0.3018867924528302,61,54,37,0.2978723404255319,60,0.1568627450980392,33,0.2941698113207547,56
2026,A,0000007293,鍾允華,ADD011,統一7-ELEVEn獅,0.21153846153846154,74,0.08333333333333333,50,2,37,0.05263157894736842,0.30612244897959184,81,142.57480018093716,23,0.2857142857142857,48,0.019230769230769246,79,0.21666666666666667,79,164.90268824832,77,0.3050847457627119,57,60,36,0.23076923076923078,84,0.2545454545454545,79,0.25005263157894736,82
2026,A,0000006227,曾峻岳,AEO011,富邦悍將,0.2641509433962264,39,0.017857142857142856,90,2,37,0.05555555555555555,0.3488372093023256,93,132.56914615464962,82,0.28,53,0.037735849056603765,71,0.3392857142857143,97,168.1759651968,56,0.2727272727272727,76,56,35,0.3018867924528302,59,0.3274336283185841,98,0.26223636363636366,74
2026,A,0000003331,李振昌,ACN011,中信兄弟,0.2222222222222222,70,0.075,57,2,37,0.058823529411764705,0.19642857142857142,23,143.58795627791997,19,0.4166666666666667,12,0.1388888888888889,18,0.075,11,173.5819126272,21,0.275,72,40,33,0.3611111111111111,35,0.13043478260869565,21,0.29769999999999996,55
2026,A,0000002348,施子謙,AKP011,台鋼雄鷹,0.24324324324324326,56,0.11627906976744186,26,2,37,0.06060606060606061,0.3114754098360656,83,135.57802588176,64,0.2916666666666667,46,0.1891891891891892,9,0.11627906976744186,26,172.47214119168,29,0.3333333333333333,39,43,31,0.43243243243243246,18,0.24242424242424243,75,0.3675,22
2026,A,0000006127,李其峰,ADD011,統一7-ELEVEn獅,0.2972972972972973,19,0.09523809523809523,39,2,37,0.0625,0.21568627450980393,30,143.95543133875202,15,0.35,27,0.16216216216216217,13,0.11904761904761904,28,167.16011507712,63,0.38095238095238093,25,42,29,0.4594594594594595,15,0.12987012987012986,20,0.3944761904761904,16
2026,A,0000006850,鄭副豪,ADD011,統一7-ELEVEn獅,0.15625,92,0.19047619047619047,11,2,37,0.06896551724137931,0.14893617021276595,8,137.13865068024,54,0.1875,87,0.03125,75,0.11904761904761904,28,165.62533198464,74,0.3170731707317073,50,42,23,0.1875,92,0.22857142857142856,70,0.26765853658536587,71
2026,A,0000000998,邱浩鈞,ADD011,統一7-ELEVEn獅,0.2727272727272727,33,0.16666666666666666,14,2,37,0.07692307692307693,0.20833333333333334,27,145.88305682627367,9,0.3684210526315789,21,0.03030303030303033,76,0.16666666666666666,56,172.917575424,26,0.42857142857142855,13,42,17,0.30303030303030304,58,0.1875,49,0.347675,30
2026,A,0000007073,賴胤豪,AJL011,樂天桃猿,0.46153846153846156,4,0.037037037037037035,84,2,37,0.08695652173913043,0.21621621621621623,31,143.88195051097043,16,0.4782608695652174,7,0.26923076923076916,2,0.1111111111111111,21,168.24461981184,54,0.48148148148148145,8,27,14,0.7307692307692307,1,0.20454545454545456,60,0.5514814814814815,3
2026,A,0000007580,韋宏亮,AKP011,台鋼雄鷹,0.47058823529411764,2,0.125,22,2,37,0.09523809523809523,0.3018867924528302,78,123.16825784384001,98,0.16666666666666666,90,0.23529411764705888,4,0,1,168.06054304512,57,0.5714285714285714,2,24,10,0.7058823529411765,2,0.10204081632653061,8,0.55945,2
2026,A,0000007276,伍立辰,ACN011,中信兄弟,0.47058823529411764,2,0.24,6,2,37,0.1111111111111111,0.22448979591836735,38,144.62352038262858,11,0.5,4,0.05882352941176472,56,0.04,4,167.1261096384,64,0.56,3,25,4,0.5294117647058824,8,0.125,16,0.48960000000000004,5
2026,A,0000007049,林暉盛,ACN011,中信兄弟,0.2,77,0.25,4,2,37,0.2222222222222222,0.15384615384615385,8,141.76101153456,25,0.375,19,0.39999999999999997,1,0.125,31,168.24144940416,55,0.4375,11,16,1,0.6,3,0.15384615384615385,31,0.4685,8
2026,A,0000006507,後勁,AKP011,台鋼雄鷹,0.19718309859154928,78,0.0975609756097561,37,1,56,0.008695652173913044,0.2676923076923077,55,133.92074887416808,73,0.2696629213483146,55,0.04225352112676056,69,0.1951219512195122,71,176.03429538816,14,0.2822085889570552,68,164,68,0.23943661971830985,83,0.20714285714285716,62,0.25530061349693267,78
2026,A,0000007264,魔神龍,AAA011,味全龍,0.24545454545454545,54,0.042735042735042736,81,1,56,0.011111111111111112,0.22784810126582278,39,136.89256113184862,54,0.22972972972972974,72,0.01818181818181816,80,0.18803418803418803,68,178.30351870848,6,0.27586206896551724,71,117,67,0.2636363636363636,70,0.205761316872428,61,0.25319827586206917,80
2026,A,0000006295,銳力獅,ADD011,統一7-ELEVEn獅,0.1724137931034483,86,0.03333333333333333,85,1,56,0.014925373134328358,0.4215686274509804,98,130.89332410839774,89,0.11428571428571428,93,0.05747126436781608,57,0.2222222222222222,83,164.62226005632,77,0.2,96,90,66,0.22988505747126436,85,0.19230769230769232,54,0.2038666666666667,92
2026,A,0000000368,游霆崴,AEO011,富邦悍將,0.27419354838709675,31,0.04411764705882353,79,1,56,0.017543859649122806,0.2459016393442623,45,136.41208344946278,57,0.21428571428571427,79,0.06451612903225806,53,0.10294117647058823,17,166.05040801536,69,0.31343283582089554,53,68,65,0.3387096774193548,44,0.11403508771929824,12,0.3019104477611941,53
2026,A,0000001821,林子昱,AAA011,味全龍,0.27586206896551724,29,0.016129032258064516,91,1,56,0.018867924528301886,0.2916666666666667,71,135.73839669660734,61,0.24489795918367346,66,0.08620689655172414,42,0.0967741935483871,15,163.3106768832,82,0.3064516129032258,56,62,64,0.3620689655172414,34,0.14150943396226415,24,0.30381967213114763,52
2026,A,0000007778,喬登,ADD011,統一7-ELEVEn獅,0.16216216216216217,91,0.06172839506172839,64,1,56,0.0196078431372549,0.3118279569892473,85,131.4754390663432,85,0.1935483870967742,85,0.04054054054054054,70,0.30864197530864196,96,169.4193443712,47,0.2125,94,81,63,0.20270270270270271,90,0.23863636363636365,74,0.1996125,93
2026,A,0000005555,陳冠偉,AAA011,味全龍,0.1774193548387097,84,0,96,1,56,0.02,0.32098765432098764,88,146.24413783734857,8,0.4,15,0.11290322580645162,30,0.2153846153846154,78,171.64318419072,33,0.1875,98,65,62,0.2903225806451613,62,0.15,29,0.21840625,89
2026,A,0000007782,威戈神,AEO011,富邦悍將,0.34615384615384615,8,0.0967741935483871,38,1,56,0.02127659574468085,0.2746478873239437,62,137.31903547615255,52,0.27906976744186046,54,0.13461538461538464,20,0.14516129032258066,43,168.2502364224,53,0.4067796610169492,17,62,61,0.4807692307692308,14,0.20634920634920634,62,0.4037966101694916,15
2026,A,0000001603,王維中,AKP011,台鋼雄鷹,0.3076923076923077,16,0.05172413793103448,74,1,56,0.021739130434782608,0.21978021978021978,34,143.9119551404983,15,0.45714285714285713,8,0.13461538461538458,21,0.1206896551724138,30,180.3822761664,2,0.3620689655172414,30,58,60,0.4423076923076923,17,0.16494845360824742,39,0.3720344827586208,21
2026,A,0000005789,林鋅杰,AAA011,味全龍,0.2682926829268293,37,0.10416666666666667,33,1,56,0.02857142857142857,0.18888888888888888,23,144.36262356201925,13,0.2413793103448276,69,0.04878048780487804,66,0.14583333333333334,44,174.86187219072,15,0.3541666666666667,32,48,59,0.3170731707317073,52,0.10714285714285714,8,0.32095833333333335,45
2026,A,0000006949,林詩翔,AKP011,台鋼雄鷹,0.12195121951219512,93,0.10869565217391304,31,1,56,0.030303030303030304,0.21621621621621623,31,138.57072510336002,44,0.375,19,0.02439024390243902,78,0.17391304347826086,61,176.33955575808,10,0.21739130434782608,91,46,58,0.14634146341463414,95,0.16049382716049382,38,0.18984782608695652,94
2026,A,0000007622,錢可倫,ACN011,中信兄弟,0.2972972972972973,19,0.07142857142857142,61,1,56,0.03225806451612903,0.18571428571428572,20,135.71680296768005,62,0.3333333333333333,33,0.05405405405405406,62,0.16666666666666666,56,161.98605802368,85,0.35714285714285715,31,42,54,0.35135135135135137,40,0.14492753623188406,25,0.3313333333333333,42
2026,A,0000002303,黃竣彥,ADD011,統一7-ELEVEn獅,0.3225806451612903,13,0.05714285714285714,68,1,56,0.034482758620689655,0.18421052631578946,18,146.655161689344,7,0.4,15,0.09677419354838712,37,0.11428571428571428,23,167.63380939008,61,0.35294117647058826,34,35,52,0.41935483870967744,21,0.11363636363636363,11,0.3589705882352941,26
2026,A,0000003292,賴鴻誠,AEO011,富邦悍將,0.2903225806451613,21,0.029411764705882353,88,1,56,0.03571428571428571,0.26666666666666666,54,138.28962232799998,46,0.2857142857142857,48,0.1935483870967742,8,0.11764705882352941,27,170.73121722624,37,0.3235294117647059,44,34,50,0.4838709677419355,13,0.11290322580645161,10,0.36726470588235294,23
2026,A,0000005315,高偉強,ADD011,統一7-ELEVEn獅,0.17857142857142858,82,0.12121212121212122,23,1,56,0.041666666666666664,0.23529411764705882,41,155.16191872594285,1,0.7857142857142857,0,0.17857142857142858,10,0.15151515151515152,49,165.80359901952,72,0.28125,69,33,44,0.35714285714285715,37,0.12698412698412698,18,0.30921875,50
2026,A,0000006767,許育銘,AKP011,台鋼雄鷹,0.16666666666666666,89,0.05714285714285714,68,1,56,0.041666666666666664,0.18867924528301888,22,138.27213393161142,47,0.35714285714285715,24,0.1,36,0.17142857142857143,59,162.15922343808,84,0.2857142857142857,67,35,44,0.26666666666666666,69,0.14516129032258066,26,0.2534545454545455,79
2026,A,0000001232,江忠城,ACN011,中信兄弟,0.3333333333333333,11,0.1,35,1,56,0.041666666666666664,0.18604651162790697,21,143.70235984896,17,0.5,4,0,91,0.06666666666666667,10,165.8711431872,71,0.42857142857142855,13,30,44,0.3333333333333333,48,0.1956521739130435,55,0.3555925925925926,28
2026,A,0000007581,黃暐傑,AAA011,味全龍,0.2857142857142857,25,0.11538461538461539,27,1,56,0.05,0.2608695652173913,53,133.9542708768,72,0.35714285714285715,24,0.047619047619047616,67,0.07692307692307693,12,170.57536835328,41,0.4,19,26,38,0.3333333333333333,48,0.13953488372093023,23,0.35672,27
2026,A,0000005572,魏碩成,ACN011,中信兄弟,0.2777777777777778,28,0.25,4,1,56,0.05555555555555555,0.17391304347826086,13,128.53058400511998,93,0.2222222222222222,75,0.055555555555555525,61,0.03571428571428571,3,160.45220835072,88,0.5185185185185185,4,28,35,0.3333333333333333,48,0.05714285714285714,3,0.435,10
2026,A,0000006860,劉家翔,AJL011,樂天桃猿,0.16666666666666666,89,0,96,1,56,0.0625,0.3181818181818182,86,135.60059813836799,63,0.2,83,0,91,0.1111111111111111,21,165.64927902336,73,0.16666666666666666,99,18,29,0.16666666666666666,93,0.16,37,0.15333333333333335,98
2026,A,0000000938,張瑞麟,AEO011,富邦悍將,0.29411764705882354,20,0.13636363636363635,21,1,56,0.06666666666666667,0.2857142857142857,67,134.66281101202284,69,0.21428571428571427,79,0.11764705882352938,27,0.13636363636363635,35,173.22240127104,24,0.4090909090909091,16,22,24,0.4117647058823529,23,0.1935483870967742,54,0.38163636363636366,18
2026,A,0000000779,陳柏豪,AJL011,樂天桃猿,0.3684210526315789,8,0.09523809523809523,39,1,56,0.06666666666666667,0.3333333333333333,90,141.71713478208,26,0.25,64,0.15789473684210525,14,0.14285714285714285,41,169.09834461696,50,0.42857142857142855,13,21,24,0.5263157894736842,8,0.1724137931034483,44,0.4344761904761905,11
2026,A,0000006918,李欣穎,AKP011,台鋼雄鷹,0.2857142857142857,25,0,96,1,56,0.07692307692307693,0.42424242424242425,99,155.75777604288,0,0.5,4,0.09523809523809523,39,0.36363636363636365,99,170.30161893888,43,0.3181818181818182,49,22,17,0.38095238095238093,31,0.23809523809523808,73,0.3215909090909091,44
2026,A,0000006222,劉予承,ADD011,統一7-ELEVEn獅,0.46153846153846156,4,0,96,1,56,0.08333333333333333,0.4444444444444444,99,142.213960196352,24,0.2,83,0.07692307692307687,47,0.14285714285714285,41,161.42225654016,85,0.46153846153846156,10,14,15,0.5384615384615384,6,0.27586206896551724,88,0.4552307692307692,9
2026,A,0000000363,陳仕朋,AEO011,富邦悍將,0.2857142857142857,25,0.21052631578947367,8,1,56,0.09090909090909091,0.2777777777777778,64,139.17472604928,39,0.36363636363636365,22,0.2142857142857143,6,0.15789473684210525,53,169.28634818304,48,0.47368421052631576,8,19,12,0.5,10,0.15789473684210525,35,0.47042105263157896,7
2026,A,0000006215,趙璟榮,AAA011,味全龍,0.3076923076923077,16,0.07142857142857142,61,1,56,0.1,0.16129032258064516,9,130.520296101888,91,0.2,83,0,91,0.21428571428571427,76,174.782000448,16,0.35714285714285715,31,14,9,0.3076923076923077,57,0.26666666666666666,85,0.3162142857142857,46
2026,A,0000006922,黃紹睿,AKP011,台鋼雄鷹,0.25,51,0.16666666666666666,14,1,56,0.3333333333333333,0.3,77,149.41847614847998,4,0.3333333333333333,33,0.25,3,0.16666666666666666,56,165.55221948672,75,0.5,6,6,0,0.5,10,0.2222222222222222,68,0.4706666666666666,6
2026,A,0000007053,艾速特,AKP011,台鋼雄鷹,0.184,80,0.07746478873239436,54,0,84,0,0.2777777777777778,64,132.21146544192,84,0.13636363636363635,92,0.064,54,0.2746478873239437,93,168.00799796352,58,0.2746478873239437,74,142,84,0.248,79,0.30434782608695654,96,0.2582605633802818,76
2026,A,0000001260,郭俊麟,ADD011,統一7-ELEVEn獅,0.275,30,0.08602150537634409,46,0,84,0,0.24210526315789474,44,139.31389736352,37,0.25,64,0.0625,55,0.12903225806451613,34,171.72629071488,32,0.3516483516483517,35,93,84,0.3375,45,0.2185430463576159,65,0.3300769230769233,43
2026,A,0000006176,余謙,ACN011,中信兄弟,0.34285714285714286,9,0.06578947368421052,62,0,84,0,0.28169014084507044,66,132.53321846436577,83,0.2222222222222222,75,0.07142857142857145,48,0.09210526315789473,15,169.8523383744,45,0.3815789473684211,24,76,84,0.4142857142857143,22,0.10852713178294573,9,0.3658026315789476,23
2026,A,0000000773,李吳永勤,AEO011,富邦悍將,0.3018867924528302,17,0.05,76,0,84,0,0.2358490566037736,42,132.97717891879378,77,0.28205128205128205,52,0.05660377358490565,58,0.15,47,166.85403394176,66,0.3728813559322034,28,60,84,0.3584905660377358,36,0.17142857142857143,43,0.3463050847457628,31
2026,A,0000006833,陳宇宏,AKP011,台鋼雄鷹,0.27450980392156865,31,0.05454545454545454,71,0,84,0,0.3111111111111111,82,132.62241622784,80,0.2222222222222222,75,0.0784313725490196,46,0.12727272727272726,33,166.26586699008,67,0.3148148148148148,51,55,84,0.35294117647058826,39,0.20202020202020202,58,0.3153703703703704,48
2026,A,0000005561,李建勳,AEO011,富邦悍將,0.28846153846153844,23,0.08771929824561403,44,0,84,0,0.2736842105263158,60,140.84908867229538,29,0.3333333333333333,33,0.0961538461538462,38,0.19298245614035087,69,172.74790228608,28,0.3508771929824561,36,57,84,0.38461538461538464,28,0.24242424242424243,75,0.3425438596491228,32
2026,A,0000002280,廖任磊,AEO011,富邦悍將,0.24390243902439024,55,0.14,19,0,84,0,0.20454545454545456,26,134.71459305330163,68,0.24324324324324326,68,0,91,0.06,7,169.87837756032,44,0.38,26,50,84,0.24390243902439024,80,0.12345679012345678,15,0.31894,46
2026,A,0000006006,德保拉,ACN011,中信兄弟,0.23255813953488372,64,0.043478260869565216,80,0,84,0,0.2345679012345679,40,139.79593279147883,34,0.2,83,0.046511627906976744,68,0.15217391304347827,50,167.91866327808,59,0.26666666666666666,79,46,84,0.27906976744186046,67,0.13157894736842105,22,0.25533333333333336,77
2026,A,0000005509,莊昕諺,AJL011,樂天桃猿,0.13157894736842105,92,0.16326530612244897,15,0,84,0,0.2716049382716049,58,142.89782567483076,21,0.34615384615384615,29,0.02631578947368421,77,0.16326530612244897,54,165.99173133312,69,0.2916666666666667,64,49,84,0.15789473684210525,94,0.2159090909090909,64,0.24443749999999997,84
2026,A,0000007593,石梓霖,AEO011,富邦悍將,0.2413793103448276,59,0.08571428571428572,46,0,84,0,0.1323529411764706,5,139.52105986043077,35,0.19230769230769232,86,0,91,0.11428571428571428,23,179.15590775808,5,0.3142857142857143,52,35,84,0.2413793103448276,81,0.12727272727272726,19,0.2697142857142857,69
2026,A,0000005558,蘇俊璋,AJL011,樂天桃猿,0.2702702702702703,34,0.05128205128205128,75,0,84,0,0.2602739726027397,52,135.43331068223998,66,0.3181818181818182,36,0.02702702702702703,77,0.2564102564102564,89,170.62277962752,39,0.3076923076923077,55,39,84,0.2972972972972973,61,0.2903225806451613,93,0.2844102564102564,62
2026,A,0000005552,呂偉晟,AAA011,味全龍,0.25925925925925924,41,0.1388888888888889,20,0,84,0,0.16393442622950818,10,127.49680489919999,95,0.2777777777777778,54,0.037037037037037035,73,0.1111111111111111,21,170.84847403008,35,0.3939393939393939,22,36,84,0.2962962962962963,62,0.09259259259259259,5,0.34339393939393936,31
2026,A,0000006720,邱駿威,AJL011,樂天桃猿,0.2413793103448276,59,0.09090909090909091,42,0,84,0,0.18181818181818182,16,132.612078785472,81,0.1,94,0,91,0.15151515151515152,49,164.2980094272,80,0.3333333333333333,39,33,84,0.2413793103448276,81,0.22,66,0.2860606060606061,62
2026,A,0000005482,吳承諭,ADD011,統一7-ELEVEn獅,0.2692307692307692,36,0.034482758620689655,85,0,84,0,0.38095238095238093,97,145.48685871908575,10,0.2857142857142857,48,0.11538461538461542,28,0.13793103448275862,37,163.57298386176,81,0.32142857142857145,46,29,84,0.38461538461538464,28,0.09836065573770492,7,0.33775000000000005,36
2026,A,0000007283,陳冠穎,ACN011,中信兄弟,0.17857142857142858,82,0.11764705882352941,25,0,84,0,0.2807017543859649,65,147.72648339327998,6,0.3888888888888889,16,0.07142857142857142,49,0.20588235294117646,75,166.22465169024,68,0.30303030303030304,60,34,84,0.25,77,0.22807017543859648,69,0.27693939393939393,67
2026,A,0000007047,盧冠宇,AJL011,樂天桃猿,0.3333333333333333,11,0.12,24,0,84,0,0.14705882352941177,7,141.50255504563196,27,0.26666666666666666,56,0.14285714285714285,17,0.04,4,164.36627779968,79,0.4,19,25,84,0.47619047619047616,15,0.027777777777777776,2,0.395,15
2026,A,0000000778,蔡齊哲,ACN011,中信兄弟,0.23076923076923078,65,0.20588235294117646,8,0,84,0,0.18333333333333332,17,133.82819647718404,75,0.25,64,0.1923076923076923,8,0.17647058823529413,62,160.70363616384,87,0.38235294117647056,23,34,84,0.4230769230769231,20,0.19672131147540983,56,0.38388235294117645,17
2026,A,0000002272,賴智垣,AKP011,台鋼雄鷹,0.2608695652173913,40,0.15625,16,0,84,0,0.21621621621621623,31,130.19312934144,92,0.3333333333333333,33,0,91,0.15625,52,160.9241806656,86,0.41935483870967744,15,32,84,0.2608695652173913,73,0.25,77,0.3338,38
2026,A,0000007292,李軍,ADD011,統一7-ELEVEn獅,0.2,77,0.09090909090909091,42,0,84,0,0.16666666666666666,12,123.00792471263998,99,0.3333333333333333,33,0,91,0.18181818181818182,65,164.539732896,78,0.2727272727272727,76,22,84,0.2,91,0.23809523809523808,73,0.2351818181818182,86
2026,A,0000003608,曾仁和,AAA011,味全龍,0.21052631578947367,76,0.08695652173913043,45,0,84,0,0.21875,33,138.85571195382857,41,0.35714285714285715,24,0.05263157894736842,62,0.21739130434782608,81,169.11009282816,49,0.3181818181818182,49,23,84,0.2631578947368421,71,0.15625,32,0.28777272727272724,60
2026,A,0000006910,王伯洋,AAA011,味全龍,0.1111111111111111,95,0.11538461538461539,27,0,84,0,0.25,48,131.4496457147077,86,0.15384615384615385,91,0.05555555555555555,60,0.23076923076923078,85,158.96362952448,89,0.28,70,26,84,0.16666666666666666,93,0.2727272727272727,87,0.23987999999999998,85
2026,A,0000007783,阿部雄大,AEO011,富邦悍將,0.05263157894736842,98,0.17391304347826086,13,0,84,0,0.22727272727272727,38,125.32607189897142,97,0.07142857142857142,95,0,91,0.21739130434782608,81,154.39656874752,94,0.21739130434782608,91,23,84,0.05263157894736842,98,0.35714285714285715,99,0.16991304347826086,96
2026,A,0000003506,謝榮豪,ACN011,中信兄弟,0.07142857142857142,97,0.0625,63,0,84,0,0.10526315789473684,2,130.59976389926402,90,0.3,45,0,91,0.125,31,156.85683729408,92,0.13333333333333333,99,16,84,0.07142857142857142,97,0.19047619047619047,52,0.11113333333333333,99
2026,A,0000007061,辛俊昇,ADD011,統一7-ELEVEn獅,0.4666666666666667,3,0.2727272727272727,1,0,84,0,0.29411764705882354,73,149.45221537487998,3,0.5,4,0.06666666666666665,50,0.13636363636363635,35,170.6639305536,38,0.5909090909090909,1,22,84,0.5333333333333333,7,0.2903225806451613,93,0.5145454545454545,4
2026,A,0000006878,吳君奕,AAA011,味全龍,0.25,51,0.2,10,0,84,0,0.12903225806451613,4,139.82515939814402,33,0.4,15,0,91,0.15,47,162.1650653568,83,0.4,19,20,84,0.25,77,0.23333333333333334,71,0.33340000000000003,40
2026,A,0000006228,王志煊,AJL011,樂天桃猿,0.3125,14,0.22727272727272727,7,0,84,0,0.2222222222222222,35,128.42352101376,94,0.18181818181818182,88,0,91,0.18181818181818182,65,158.03035484544,91,0.5,6,22,84,0.3125,54,0.18181818181818182,47,0.4133636363636363,14
2026,A,0000002695,林子崴,ADD011,統一7-ELEVEn獅,0.23076923076923078,65,0,96,0,84,0,0.25,48,133.31927086518857,77,0.14285714285714285,92,0,91,0.07692307692307693,12,155.59541737344,92,0.23076923076923078,90,13,84,0.23076923076923078,84,0.16666666666666666,41,0.21230769230769234,90
2026,A,0000005285,許峻暘,AKP011,台鋼雄鷹,0.25,51,0,96,0,84,0,0,1,0,99,0,98,0,91,0.2857142857142857,94,0,99,0.3076923076923077,55,14,84,0.25,77,0.28,89,0.2706923076923077,69
2026,A,0000006982,黃群,AKP011,台鋼雄鷹,0,99,0.14285714285714285,18,0,84,0,0.35714285714285715,95,126.40604115744,96,0,98,0,91,0.21428571428571427,76,134.02768110336,99,0.21428571428571427,92,14,84,0,99,0.16666666666666666,41,0.11492307692307692,99
2026,A,0000006848,林詔恩,ADD011,統一7-ELEVEn獅,0.1111111111111111,95,0.1,35,0,84,0,0.3333333333333333,90,128.82852901248,92,0,98,0,91,0.3,95,137.82296487168,98,0.2,96,10,84,0.1111111111111111,96,0.25,77,0.16670000000000001,97
2026,A,0000001412,江少慶,ADD011,統一7-ELEVEn獅,0.1111111111111111,95,0.18181818181818182,12,0,84,0,0.12903225806451613,4,148.734986678784,5,0.2,83,0.1111111111111111,32,0.36363636363636365,99,158.78943412992,90,0.2727272727272727,76,11,84,0.2222222222222222,88,0.21052631578947367,63,0.2556363636363636,77
2026,A,0000007305,李致霖,AAA011,味全龍,0.5,0,0.5,0,0,84,0,0,1,144.15748769664,14,0.25,64,0,91,0,1,153.54939397248,95,0.75,0,8,84,0.5,10,0.125,16,0.6035,1
2026,A,0000005282,姚杰宏,ADD011,統一7-ELEVEn獅,0.25,51,0,96,0,84,0,0.2222222222222222,35,133.87895760096,74,0.5,4,0,91,0,1,165.24015159168,76,0.25,88,4,84,0.25,77,0,1,0.23,87
2026,A,0000007568,王偉軒,AEO011,富邦悍將,0.25,51,0.2,10,0,84,0,0.35714285714285715,95,132.90464062656,78,0,98,0,91,0.2,73,139.21664068224,97,0.4,19,5,84,0.25,77,0.3,95,0.33340000000000003,40
2026,A,0000001524,劉昱言,AEO011,富邦悍將,0.3333333333333333,11,0.25,4,0,84,0,0.16666666666666666,12,133.62365529216,76,0,98,0,91,0.25,88,142.50916538496,96,0.5,6,4,84,0.3333333333333333,48,0,1,0.41675,13
2026,A,0000007619,王奕翔,AJL011,樂天桃猿,0,99,0.25,4,0,84,0,0.2,24,146.37367508544,8,0.5,4,0,91,0.25,88,155.4174078336,93,0.25,88,4,84,0,99,0.2857142857142857,91,0.18675,95
2026,D,0000006711,李承鴻,ADD022,統一7-ELEVEn獅二軍,0.3119266055045872,28,0.109375,43,4,1,0.0392156862745098,0.1276595744680851,23,135.34184842313147,37,0.22857142857142856,32,0.1834862385321101,21,0.0859375,21,170.37888354432,7,0.3858267716535433,38,128,13,0.4954128440366973,23,0.13526570048309178,23,0.4072519685039372,27
2026,D,0000006874,盧孟揚,ACN022,中信兄弟二軍,0.36363636363636365,14,0.056338028169014086,70,4,1,0.07142857142857142,0.3157894736842105,89,130.421468335104,55,0.2,36,0.36363636363636365,2,0.15492957746478872,59,171.5596109568,4,0.39436619718309857,35,71,6,0.7272727272727273,3,0.2302158273381295,68,0.5143380281690143,6
2026,D,0000007264,魔神龍,AAA022,味全龍二軍,0.23076923076923078,62,0.04878048780487805,76,4,1,0.11764705882352941,0.37349397590361444,96,128.8629033380894,62,0.11764705882352941,55,0.23076923076923078,11,0.12195121951219512,36,168.6315704832,13,0.2682926829268293,74,41,2,0.46153846153846156,28,0.20481927710843373,57,0.34112195121951217,49
2026,D,0000006867,*徐基麟,ACN022,中信兄弟二軍,0.3225806451612903,24,0.058823529411764705,69,4,1,0.14285714285714285,0.19298245614035087,42,135.90249011003078,35,0.34615384615384615,6,0.1935483870967742,18,0.11764705882352941,32,164.8117924992,26,0.38235294117647056,40,34,1,0.5161290322580645,17,0.19402985074626866,54,0.4164117647058823,24
2026,D,0000007567,◎櫻井周斗,AKP022,台鋼雄鷹二軍,0.27184466019417475,45,0.15625,23,2,6,0.02197802197802198,0.17777777777777778,36,132.83835121075197,47,0.3333333333333333,10,0.08737864077669905,48,0.1015625,26,161.99000091648,38,0.4015748031496063,32,128,21,0.3592233009708738,51,0.15135135135135136,32,0.37159842519685055,40
2026,D,0000006724,曹祐齊,AAA022,味全龍二軍,0.30851063829787234,29,0.12280701754385964,36,2,6,0.023529411764705882,0.19138755980861244,39,137.965360232304,23,0.225,32,0.10638297872340424,40,0.11403508771929824,30,164.89493121024,23,0.40540540540540543,31,114,20,0.4148936170212766,35,0.20430107526881722,57,0.38410810810810825,34
2026,D,0000005541,郭郁政,AAA022,味全龍二軍,0.25806451612903225,49,0.046153846153846156,79,2,6,0.037037037037037035,0.33980582524271846,94,133.31569760096605,45,0.1509433962264151,46,0.14516129032258063,31,0.12307692307692308,37,171.3236811264,6,0.2923076923076923,72,65,14,0.4032258064516129,36,0.13636363636363635,24,0.32086153846153853,59
2026,D,0000007314,*王宇翔,AJL022,樂天桃猿二軍,0.3055555555555556,32,0.09523809523809523,53,2,6,0.0625,0.2727272727272727,70,141.94979572827424,9,0.2857142857142857,18,0.08333333333333331,50,0.11904761904761904,34,166.15561083264,18,0.38095238095238093,41,42,8,0.3888888888888889,41,0.13432835820895522,21,0.3585952380952381,43
2026,D,0000004637,劉軒荅,ADD022,統一7-ELEVEn獅二軍,0.28125,43,0.08108108108108109,60,2,6,0.0625,0.3333333333333333,93,134.96878685030399,38,0.3,14,0.21875,13,0.02702702702702703,5,158.50868406912,50,0.3611111111111111,51,37,8,0.5,21,0.0784313725490196,7,0.4083333333333334,26
2026,D,0000001603,王維中,AKP022,台鋼雄鷹二軍,0.34615384615384615,17,0.037037037037037035,85,2,6,0.08695652173913043,0.19230769230769232,40,145.53560115072,4,0.2857142857142857,18,0.15384615384615385,29,0.1111111111111111,29,171.47177296128,6,0.37037037037037035,48,27,5,0.5,21,0.18,47,0.40503703703703703,28
2026,D,0000007316,*賴威誠,AJL022,樂天桃猿二軍,0.23076923076923078,62,0.21052631578947367,9,2,6,0.08695652173913043,0.21153846153846154,48,146.9396399871086,3,0.5,2,0.11538461538461536,36,0.13157894736842105,41,172.9436467968,2,0.43243243243243246,19,38,5,0.34615384615384615,53,0.1346153846153846,21,0.39256756756756755,32
2026,D,0000007279,鄧朝駿,ACN022,中信兄弟二軍,0.3181818181818182,26,0.1111111111111111,41,2,6,0.09523809523809523,0.2765957446808511,70,131.04653322443298,53,0.23529411764705882,30,0.13636363636363635,33,0.07407407407407407,17,171.48384304128,5,0.4074074074074074,30,27,4,0.45454545454545453,30,0.16666666666666666,41,0.39385185185185184,31
2026,D,0000000776,王凱程,ACN022,中信兄弟二軍,0.6666666666666666,1,0.09090909090909091,56,2,6,0.125,0.3142857142857143,87,144.31587358546284,7,0.35714285714285715,6,0.2777777777777778,6,0.13636363636363635,44,169.26330237696,10,0.6818181818181818,1,22,2,0.9444444444444444,1,0.1875,50,0.6945,1
2026,D,0000001260,郭俊麟,ADD022,統一7-ELEVEn獅二軍,0.1875,76,0.1111111111111111,41,2,6,0.16666666666666666,0.21052631578947367,47,139.39107345504,18,0.25,27,0.25,9,0.2222222222222222,80,175.25677302144,1,0.2777777777777778,73,18,0,0.4375,32,0.25,76,0.3423888888888889,49
2026,D,0000004624,陳克羿,AJL022,樂天桃猿二軍,0.3274336283185841,23,0.07936507936507936,61,1,19,0.01020408163265306,0.2540983606557377,67,136.5764307869867,31,0.3148148148148148,13,0.08849557522123891,47,0.1349206349206349,43,197.13593344896,0,0.3888888888888889,37,126,28,0.415929203539823,34,0.18090452261306533,48,0.37304761904761924,38
2026,D,0000007063,*周彥農,ADD022,統一7-ELEVEn獅二軍,0.2962962962962963,36,0.08602150537634409,59,1,19,0.012345679012345678,0.2807017543859649,73,138.04612053407996,22,0.28125,22,0.07407407407407407,55,0.03225806451612903,7,172.87035727104,2,0.3626373626373626,51,93,27,0.37037037037037035,45,0.0948905109489051,9,0.34637362637362656,47
2026,D,0000007295,陳鐿中,AEO022,富邦悍將二軍,0.29545454545454547,37,0.14285714285714285,27,1,19,0.01282051282051282,0.14925373134328357,30,134.24793419890287,41,0.25,27,0.19318181818181818,19,0.10476190476190476,27,161.42101734528,42,0.40384615384615385,32,105,26,0.48863636363636365,23,0.1590909090909091,37,0.41920192307692317,23
2026,D,0000006860,劉家翔,AJL022,樂天桃猿二軍,0.2823529411764706,42,0.044444444444444446,81,1,19,0.0136986301369863,0.22807017543859648,56,130.04927998493542,57,0.11538461538461539,56,0.10588235294117648,40,0.14444444444444443,53,159.59793636864,45,0.3146067415730337,67,90,26,0.38823529411764707,42,0.12337662337662338,17,0.32547191011235976,55
2026,D,0000007281,游竣宥,ACN022,中信兄弟二軍,0.2692307692307692,46,0.07777777777777778,62,1,19,0.014705882352941176,0.2288135593220339,57,141.51011590569055,11,0.2830188679245283,21,0.15384615384615385,29,0.14444444444444443,53,169.13373409152,11,0.33707865168539325,58,90,25,0.4230769230769231,33,0.1366906474820144,26,0.353674157303371,45
2026,D,0000003608,曾仁和,AAA022,味全龍二軍,0.23376623376623376,61,0.0125,87,1,19,0.015625,0.3238095238095238,91,128.3468440212153,66,0.14893617021276595,47,0.06493506493506493,60,0.1625,62,161.59096407168,40,0.2625,77,80,24,0.2987012987012987,63,0.14012738853503184,27,0.2601375,78
2026,D,0000006006,德保拉,ACN022,中信兄弟二軍,0.3582089552238806,15,0.05333333333333334,72,1,19,0.01694915254237288,0.3090909090909091,85,128.3963213610747,66,0.1509433962264151,46,0.16417910447761191,26,0.12,35,167.13389886336,15,0.4189189189189189,26,75,23,0.5223880597014925,16,0.20161290322580644,56,0.4415405405405407,21
2026,D,0000007582,◎吳東霖,AAA022,味全龍二軍,0.30158730158730157,33,0.10810810810810811,45,1,19,0.01818181818181818,0.21951219512195122,51,138.64198798504424,21,0.2894736842105263,15,0.20634920634920634,14,0.12162162162162163,36,168.98290637184,12,0.3918918918918919,36,74,23,0.5079365079365079,19,0.16379310344827586,39,0.4202027027027028,23
2026,D,0000006848,林詔恩,ADD022,統一7-ELEVEn獅二軍,0.19672131147540983,74,0.136986301369863,31,1,19,0.019230769230769232,0.2894736842105263,78,128.96338935744,62,0.08333333333333333,63,0,88,0.1506849315068493,56,162.8500021632,34,0.3194444444444444,66,73,22,0.19672131147540983,83,0.18487394957983194,49,0.26762500000000006,76
2026,D,0000006917,謝葆錡,AKP022,台鋼雄鷹二軍,0.19148936170212766,75,0.08771929824561403,58,1,19,0.023255813953488372,0.14814814814814814,29,141.8321415992123,10,0.15384615384615385,44,0.08510638297872342,49,0.14035087719298245,47,159.8125262976,45,0.2631578947368421,76,57,21,0.2765957446808511,70,0.18518518518518517,49,0.2520350877192982,80
2026,D,0000004629,*楊彬,AJL022,樂天桃猿二軍,0.22727272727272727,64,0.1,50,1,19,0.023809523809523808,0.21794871794871795,50,139.60000162240004,17,0.2222222222222222,33,0.13636363636363638,32,0.06,15,165.10649557248,22,0.3,70,50,19,0.36363636363636365,48,0.1506849315068493,31,0.31272,62
2026,D,0000007611,*林紘維,AAA022,味全龍二軍,0.3076923076923077,30,0.2545454545454545,4,1,19,0.02857142857142857,0.10416666666666667,18,131.9105682445553,51,0.11764705882352941,55,0.20512820512820507,15,0.09090909090909091,23,168.02745493248,13,0.4909090909090909,10,55,18,0.5128205128205128,18,0.14285714285714285,29,0.4683272727272728,13
2026,D,0000006236,楊鈺翔,AAA022,味全龍二軍,0.4146341463414634,6,0.125,34,1,19,0.02857142857142857,0.27906976744186046,72,138.7174463136,21,0.42857142857142855,3,0.17073170731707316,26,0.125,39,169.26409095552,9,0.5,8,48,18,0.5853658536585366,9,0.13513513513513514,22,0.4929791666666669,8
2026,D,0000007568,王偉軒,AEO022,富邦悍將二軍,0.2926829268292683,39,0.10638297872340426,47,1,19,0.02857142857142857,0.12903225806451613,23,138.94600031928,20,0.25,27,0.2439024390243903,9,0.1276595744680851,40,163.28312491392,32,0.3829787234042553,40,47,18,0.5365853658536586,15,0.1746031746031746,46,0.4218510638297872,22
2026,D,0000006210,*林原裕,ADD022,統一7-ELEVEn獅二軍,0.3076923076923077,30,0.22,8,1,19,0.03125,0.2222222222222222,53,136.28708972434285,33,0.2857142857142857,18,0.17948717948717946,23,0.14,47,166.03305928704,19,0.46,13,50,17,0.48717948717948717,24,0.13333333333333333,20,0.44720000000000004,19
2026,D,0000007580,韋宏亮,AKP022,台鋼雄鷹二軍,0.2926829268292683,39,0.14285714285714285,27,1,19,0.03225806451612903,0.21052631578947367,47,151.77759876576,1,0.5,2,0.07317073170731708,57,0.20408163265306123,75,168.99642486144,11,0.40816326530612246,29,49,16,0.36585365853658536,47,0.24390243902439024,74,0.3718775510204082,39
2026,D,0000000779,陳柏豪,AJL022,樂天桃猿二軍,0.48,3,0.08823529411764706,57,1,19,0.03333333333333333,0.25925925925925924,68,125.66260872000001,75,0.125,52,0.08000000000000007,51,0.058823529411764705,14,163.21944317184,34,0.48484848484848486,11,34,15,0.56,11,0.13559322033898305,23,0.4495757575757576,17
2026,D,0000001404,*羅華韋,AEO022,富邦悍將二軍,0.34285714285714286,18,0.1,50,1,19,0.03571428571428571,0.14285714285714285,27,134.54470610944,40,0.1111111111111111,58,0.11428571428571427,37,0.175,65,158.29110076032,53,0.425,23,40,15,0.45714285714285713,29,0.1694915254237288,43,0.409375,26
2026,D,0000007305,李致霖,AAA022,味全龍二軍,0.24242424242424243,56,0.175,15,1,19,0.043478260869565216,0.2641509433962264,69,136.79584397952,30,0.3333333333333333,10,0.030303030303030276,72,0.25,85,167.7663871488,14,0.375,45,40,12,0.2727272727272727,70,0.30434782608695654,86,0.324675,56
2026,D,0000006750,陳暐皓,AAA022,味全龍二軍,0.16,83,0,94,1,19,0.043478260869565216,0.3548387096774194,96,141.1676457312,12,0.3333333333333333,10,0.16,27,0.14285714285714285,50,164.50622635392,27,0.17857142857142858,91,28,12,0.32,59,0.10869565217391304,15,0.2267142857142857,83
2026,D,0000000135,陳禹勳,AAA022,味全龍二軍,0.16,83,0.1,50,1,19,0.05,0.2826086956521739,74,127.41964020719998,70,0.125,52,0.19999999999999998,17,0.2,73,158.27177253888,53,0.26666666666666666,75,30,11,0.36,50,0.23404255319148937,72,0.29956666666666665,68
2026,D,0000007615,*李柏毓,AJL022,樂天桃猿二軍,0.23809523809523808,58,0.1111111111111111,41,1,19,0.05555555555555555,0.14705882352941177,28,143.26165367424002,8,0.36363636363636365,5,0.047619047619047616,68,0.14814814814814814,54,161.4213874944,41,0.37037037037037035,48,27,10,0.2857142857142857,67,0.19047619047619047,52,0.32433333333333336,57
2026,D,0000007779,蔣銲,AAA022,味全龍二軍,0.3,35,0.045454545454545456,80,1,19,0.05555555555555555,0.24390243902439024,61,137.55304122560003,26,0.3333333333333333,10,0.25000000000000006,8,0.13636363636363635,44,163.87632911232,29,0.3181818181818182,66,22,10,0.55,14,0.3142857142857143,89,0.37513636363636366,37
2026,D,0000004626,王奕凱,ACN022,中信兄弟二軍,0.2,72,0.27586206896551724,3,1,19,0.058823529411764705,0.2033898305084746,45,130.32029855478856,56,0.2857142857142857,18,0.09999999999999998,44,0.10344827586206896,26,156.59861804928,56,0.4482758620689655,18,29,9,0.3,62,0.17073170731707318,44,0.386448275862069,34
2026,D,0000007285,*林展樟,ACN022,中信兄弟二軍,0.21052631578947367,70,0.16666666666666666,19,1,19,0.0625,0.14285714285714285,27,148.44666419465142,2,0.2857142857142857,18,0,88,0.16666666666666666,64,163.87090562304,30,0.3333333333333333,60,24,8,0.21052631578947367,81,0.3170731707317073,90,0.2778333333333333,73
2026,D,0000007073,賴胤豪,AJL022,樂天桃猿二軍,0.35714285714285715,16,0.05555555555555555,71,1,19,0.06666666666666667,0.19230769230769232,40,123.93935315712001,79,0.18181818181818182,41,0,88,0.05555555555555555,13,171.8904920832,4,0.4117647058823529,28,18,6,0.35714285714285715,52,0.06666666666666667,4,0.35917647058823526,43
2026,D,0000003506,謝榮豪,ACN022,中信兄弟二軍,0.13333333333333333,87,0.11764705882352941,38,1,19,0.1,0.4074074074074074,99,128.83493241344001,63,0.3333333333333333,10,0.19999999999999998,17,0.29411764705882354,91,164.20626072576,28,0.23529411764705882,85,17,3,0.3333333333333333,56,0.34210526315789475,94,0.28500000000000003,70
2026,D,0000007793,◎榊原元稀,AJL022,樂天桃猿二軍,0.24,57,0.009615384615384616,88,0,64,0,0.24175824175824176,60,134.47483934544,40,0.2,36,0.10000000000000003,42,0.10576923076923077,28,162.46760593536,36,0.2524271844660194,80,104,64,0.34,54,0.1242603550295858,17,0.2737864077669905,74
2026,D,0000007303,黃子豪,AKP022,台鋼雄鷹二軍,0.23809523809523808,58,0.1349206349206349,33,0,64,0,0.22764227642276422,55,130.99228828866785,54,0.15217391304347827,45,0.05714285714285716,64,0.16666666666666666,64,165.79207611648,19,0.352,55,126,64,0.29523809523809524,64,0.21495327102803738,64,0.3193760000000002,60
2026,D,0000006771,陳正毅,AKP022,台鋼雄鷹二軍,0.19791666666666666,74,0.047619047619047616,78,0,64,0,0.23809523809523808,59,141.56943945626486,11,0.3793103448275862,4,0.041666666666666685,70,0.12380952380952381,38,163.4667832512,30,0.25,81,105,64,0.23958333333333334,76,0.19101123595505617,53,0.2338557692307693,81
2026,D,0000007783,阿部雄大,AEO022,富邦悍將二軍,0.17525773195876287,79,0.039603960396039604,84,0,64,0,0.3142857142857143,87,128.4400069611323,65,0.1282051282051282,50,0.05154639175257733,66,0.32673267326732675,91,165.52712981376,20,0.2079207920792079,89,101,64,0.2268041237113402,79,0.3058252427184466,87,0.20413861386138618,87
2026,D,0000006269,*愛力戈,AEO022,富邦悍將二軍,0.3013698630136986,34,0.09523809523809523,53,0,64,0,0,9,0,92,0,82,0.1095890410958904,39,0.19047619047619047,70,0,92,0.39285714285714285,36,84,64,0.410958904109589,36,0.1724137931034483,45,0.377059523809524,36
2026,D,0000007290,張宥謙,ADD022,統一7-ELEVEn獅二軍,0.3559322033898305,17,0.11764705882352941,38,0,64,0,0,9,0,92,0,82,0.20338983050847453,15,0.08823529411764706,22,0,92,0.4264705882352941,22,68,64,0.559322033898305,12,0.15079365079365079,32,0.4561617647058825,16
2026,D,0000007560,*菲力士,ACN022,中信兄弟二軍,0.3269230769230769,23,0.05084745762711865,74,0,64,0,0.23809523809523808,59,136.11229657343998,34,0.1875,39,0.05769230769230771,63,0.11864406779661017,33,153.65878108416,61,0.3793103448275862,42,59,64,0.38461538461538464,43,0.16326530612244897,38,0.35498275862068973,45
2026,D,0000007081,黃侰程,AAA022,味全龍二軍,0.10909090909090909,91,0.0967741935483871,52,0,64,0,0.3275862068965517,91,125.87548805040002,74,0.125,52,0.03636363636363636,70,0.1774193548387097,66,164.83530501504,24,0.20967741935483872,87,62,64,0.14545454545454545,89,0.23148148148148148,70,0.18633870967741936,89
2026,D,0000007570,坎南,AKP022,台鋼雄鷹二軍,0.13114754098360656,88,0.015873015873015872,87,0,64,0,0,9,0,92,0,82,0.09836065573770492,46,0.2698412698412698,86,0,92,0.15873015873015872,94,63,64,0.22950819672131148,77,0.20909090909090908,61,0.1836666666666667,91
2026,D,0000007049,林暉盛,ACN022,中信兄弟二軍,0.3103448275862069,28,0.07692307692307693,63,0,64,0,0.19491525423728814,43,137.6446424454252,25,0.3023255813953488,13,0.1724137931034483,25,0.23076923076923078,81,163.35832955904,31,0.38461538461538464,39,65,64,0.4827586206896552,26,0.2872340425531915,83,0.40156923076923096,30
2026,D,0000006863,*潘奕誠,AEO022,富邦悍將二軍,0.22448979591836735,64,0.13559322033898305,32,0,64,0,0.35294117647058826,95,135.16716860250352,38,0,82,0.020408163265306117,77,0.13559322033898305,43,152.43791663232,66,0.3448275862068966,57,59,64,0.24489795918367346,74,0.1553398058252427,36,0.2974655172413793,68
2026,D,0000007772,◎莊孟源,AJL022,樂天桃猿二軍,0.25,53,0.1694915254237288,17,0,64,0,0.16129032258064516,32,128.73323975424003,64,0.18518518518518517,40,0.08333333333333331,50,0.15254237288135594,57,166.656020256,16,0.3728813559322034,47,59,64,0.3333333333333333,56,0.13043478260869565,18,0.3406440677966102,50
2026,D,0000006871,黃保羅,AEO022,富邦悍將二軍,0.2619047619047619,49,0.0425531914893617,83,0,64,0,0,9,0,92,0,82,0.02380952380952378,75,0.0851063829787234,20,0,92,0.2978723404255319,71,47,64,0.2857142857142857,67,0.07575757575757576,6,0.2717234042553191,75
2026,D,0000006864,*郭泰呈,AEO022,富邦悍將二軍,0.2682926829268293,47,0.14,30,0,64,0,0.2972972972972973,81,138.99075959577598,19,0.3,14,0.02439024390243899,74,0.12,35,155.77753074048,59,0.36,52,50,64,0.2926829268292683,65,0.2441860465116279,75,0.31494,60
2026,D,0000007228,鈴木駿輔,AEO022,富邦悍將二軍,0.2558139534883721,50,0.08163265306122448,60,0,64,0,0.22807017543859648,56,128.10363487680004,68,0.1111111111111111,58,0.023255813953488358,76,0.14285714285714285,50,158.39897508864,51,0.32653061224489793,62,49,64,0.27906976744186046,68,0.14634146341463414,30,0.29112244897959183,69
2026,D,0000007630,*邱立璿,AKP022,台鋼雄鷹二軍,0.3023255813953488,32,0.1568627450980392,23,0,64,0,0.16279069767441862,32,125.60533728768,76,0.18181818181818182,41,0.06976744186046513,59,0.11764705882352941,32,156.64424295168,55,0.4117647058823529,28,51,64,0.37209302325581395,45,0.13186813186813187,19,0.37509803921568635,38
2026,D,0000006857,舒治浩,AJL022,樂天桃猿二軍,0.2894736842105263,40,0.09523809523809523,53,0,64,0,0.23728813559322035,57,136.4194745386338,32,0.2692307692307692,24,0.0789473684210526,53,0.047619047619047616,11,162.17895399552,37,0.35714285714285715,54,42,64,0.3684210526315789,46,0.1643835616438356,40,0.3404285714285714,51
2026,D,0000007077,*郭玟毅,AJL022,樂天桃猿二軍,0.25,53,0.19607843137254902,11,0,64,0,0.12698412698412698,22,128.01403196736,68,0.1111111111111111,58,0.05555555555555558,65,0.0784313725490196,19,162.3078141696,36,0.43137254901960786,20,51,64,0.3055555555555556,61,0.21052631578947367,62,0.36907843137254903,40
2026,D,0000001524,劉昱言,AEO022,富邦悍將二軍,0.22857142857142856,63,0.05128205128205128,73,0,64,0,0.22727272727272727,54,126.96751043327998,70,0,82,0,88,0.07692307692307693,18,152.43872130432,66,0.3076923076923077,69,39,64,0.22857142857142856,78,0.15942028985507245,38,0.26594871794871794,77
2026,D,0000005479,江國豪,AEO022,富邦悍將二軍,0.29545454545454547,37,0.0425531914893617,83,0,64,0,0.30357142857142855,84,134.07606258212573,42,0.09523809523809523,62,0.09090909090909088,47,0.23404255319148937,82,156.35287122048,58,0.3404255319148936,57,47,64,0.38636363636363635,43,0.2318840579710145,71,0.3361914893617021,53
2026,D,0000006712,*楊孟沅,ADD022,統一7-ELEVEn獅二軍,0.29411764705882354,38,0.075,65,0,64,0,0.25925925925925924,68,134.87861003904,39,0.2727272727272727,23,0.02941176470588236,73,0.05,11,159.4134894528,46,0.375,45,40,64,0.3235294117647059,58,0.07246376811594203,6,0.333925,53
2026,D,0000007788,*陶樂,ACN022,中信兄弟二軍,0.4857142857142857,2,0.1111111111111111,41,0,64,0,0.29850746268656714,81,121.82640402767998,81,0.125,52,0.11428571428571427,37,0.15555555555555556,60,163.23490896768,33,0.5609756097560976,3,45,64,0.6,8,0.2564102564102564,77,0.5298048780487806,4
2026,D,0000007781,◎朱柏翰,ADD022,統一7-ELEVEn獅二軍,0.1794871794871795,77,0.045454545454545456,80,0,64,0,0.2,44,136.82212993152,30,0,82,0.12820512820512822,34,0.20454545454545456,76,136.82212993152,81,0.2558139534883721,79,44,64,0.3076923076923077,60,0.2112676056338028,62,0.2734651162790698,74
2026,D,0000007053,艾速特,AKP022,台鋼雄鷹二軍,0.23684210526315788,60,0.025,86,0,64,0,0,9,0,92,0,82,0.18421052631578946,20,0.2,73,0,92,0.2564102564102564,79,40,64,0.42105263157894735,34,0.3150684931506849,89,0.311025641025641,63
2026,D,0000006722,*賴知頎,AAA022,味全龍二軍,0.3939393939393939,11,0.10810810810810811,45,0,64,0,0.2127659574468085,49,139.2129448710777,19,0.23529411764705882,30,0.18181818181818188,21,0.05405405405405406,12,172.24361434368,3,0.4594594594594595,14,37,64,0.5757575757575758,10,0.10294117647058823,11,0.47710810810810816,10
2026,D,0000006740,楊強森,ADD022,統一7-ELEVEn獅二軍,0.25,53,0.075,65,0,64,0,0.3157894736842105,89,135.98518138806855,34,0.2857142857142857,18,0.08333333333333331,50,0.15,55,158.16082436352,54,0.325,63,40,64,0.3333333333333333,56,0.20833333333333334,60,0.31185,62
2026,D,0000006222,劉予承,ADD022,統一7-ELEVEn獅二軍,0.26666666666666666,47,0.058823529411764705,69,0,64,0,0.25,64,133.56238411748572,45,0.07142857142857142,64,0.09999999999999998,44,0.08823529411764706,22,158.38035497856,51,0.3125,68,34,64,0.36666666666666664,47,0.21311475409836064,64,0.32390625,57
2026,D,0000007617,*陳世展,AJL022,樂天桃猿二軍,0.20689655172413793,70,0.11428571428571428,39,0,64,0,0.16666666666666666,34,128.65724384831998,64,0.125,52,0.03448275862068967,71,0.02857142857142857,6,155.65274220672,60,0.3235294117647059,64,35,64,0.2413793103448276,75,0.04081632653061224,2,0.2842647058823529,71
2026,D,0000006921,伍祐城,AKP022,台鋼雄鷹二軍,0.17142857142857143,80,0.07692307692307693,63,0,64,0,0.3333333333333333,93,126.93734113420801,71,0.2,36,0,88,0.20512820512820512,77,158.61329142912,49,0.23684210526315788,85,39,64,0.17142857142857143,85,0.15384615384615385,34,0.20423684210526316,86
2026,D,0000005282,姚杰宏,ADD022,統一7-ELEVEn獅二軍,0.3793103448275862,13,0.0625,68,0,64,0,0,9,121.21244264448,82,0,82,0.13793103448275867,32,0.0625,16,144.59225197824,78,0.40625,30,32,64,0.5172413793103449,17,0.1206896551724138,16,0.4126875,25
2026,D,0000007299,陳品宏,AEO022,富邦悍將二軍,0.23529411764705882,60,0.12195121951219512,36,0,64,0,0.2,44,124.202085587712,78,0.1,60,0.02941176470588236,73,0.1951219512195122,70,153.52504459776,62,0.35,56,41,64,0.2647058823529412,71,0.2727272727272727,80,0.3063,65
2026,D,0000006982,黃群,AKP022,台鋼雄鷹二軍,0.3076923076923077,30,0.07142857142857142,66,0,64,0,0.2916666666666667,80,128.14089157357714,67,0.2857142857142857,18,0.17948717948717946,23,0.2857142857142857,89,158.311973952,52,0.35714285714285715,54,42,64,0.48717948717948717,24,0.23684210526315788,73,0.3900952380952381,32
2026,D,0000003334,*鄭凱文,ACN022,中信兄弟二軍,0.24242424242424243,56,0.10256410256410256,48,0,64,0,0.3114754098360656,86,132.68929211136,48,0.13636363636363635,49,0.12121212121212122,36,0.1794871794871795,66,158.70335031936,49,0.358974358974359,53,39,64,0.36363636363636365,48,0.2191780821917808,66,0.3532051282051282,46
2026,D,0000007083,林柏佑,AAA022,味全龍二軍,0.3870967741935484,12,0.1388888888888889,30,0,64,0,0.11290322580645161,20,137.43095996608,26,0.16666666666666666,43,0.29032258064516125,6,0.1388888888888889,46,159.0898503744,47,0.4722222222222222,12,36,64,0.6774193548387096,5,0.1016949152542373,11,0.5275277777777778,5
2026,D,0000007616,*鍾亦恩,AJL022,樂天桃猿二軍,0.21875,68,0.10810810810810811,45,0,64,0,0.2903225806451613,79,133.87375861516801,43,0.2,36,0.15625,28,0.16216216216216217,62,164.82819171456,25,0.32432432432432434,64,37,64,0.375,44,0.1694915254237288,43,0.32910810810810803,55
2026,D,0000001412,江少慶,ADD022,統一7-ELEVEn獅二軍,0.2857142857142857,41,0.125,34,0,64,0,0,9,0,92,0,82,0.07142857142857145,57,0.125,39,0,92,0.375,45,32,64,0.35714285714285715,52,0.15517241379310345,35,0.348125,47
2026,D,0000007577,◎李斯特,AEO022,富邦悍將二軍,0.28,43,0.16129032258064516,21,0,64,0,0.13333333333333333,24,143.05038777216,9,0.2,36,0.07999999999999996,53,0.03225806451612903,7,156.50517953664,57,0.41935483870967744,24,31,64,0.36,50,0.15217391304347827,33,0.3783870967741936,36
2026,D,0000007794,*馬奎爾,ACN022,中信兄弟二軍,0.2727272727272727,44,0.16666666666666666,19,0,64,0,0.18,38,133.577685185472,44,0.15,47,0.18181818181818182,22,0.03333333333333333,8,162.70078378752,35,0.4,34,30,64,0.45454545454545453,30,0.2127659574468085,63,0.39743333333333336,30
2026,D,0000003393,王鏡銘,ADD022,統一7-ELEVEn獅二軍,0.32,25,0.16129032258064516,21,0,64,0,0.1111111111111111,19,137.6659948224,24,0,82,0.08000000000000002,52,0.0967741935483871,25,151.79858863488,68,0.41935483870967744,24,31,64,0.4,38,0.13043478260869565,18,0.3834516129032258,35
2026,D,0000004646,*翁瑋均,AAA022,味全龍二軍,0.2222222222222222,66,0.06451612903225806,68,0,64,0,0.25,64,132.4909247075446,49,0.23076923076923078,31,0.07407407407407407,55,0.16129032258064516,61,163.234957248,32,0.3225806451612903,65,31,64,0.2962962962962963,64,0.23076923076923078,69,0.30090322580645157,67
2026,D,0000007619,王奕翔,AJL022,樂天桃猿二軍,0.2692307692307692,46,0.17142857142857143,16,0,64,0,0.20833333333333334,46,132.9081455478857,46,0,82,0.30769230769230765,4,0.14285714285714285,50,152.42130820224,67,0.4117647058823529,28,35,64,0.5769230769230769,9,0.22641509433962265,68,0.44641176470588234,19
2026,D,0000007090,林家勝,AEO022,富邦悍將二軍,0.4482758620689655,4,0.14705882352941177,25,0,64,0,0.6,99,0,92,0,82,0.03448275862068967,71,0.20588235294117646,77,0,92,0.5294117647058824,5,34,64,0.4827586206896552,26,0.1746031746031746,46,0.4733235294117647,11
2026,D,0000006918,李欣穎,AKP022,台鋼雄鷹二軍,0.18181818181818182,77,0.038461538461538464,85,0,64,0,0.3142857142857143,87,117.974783697408,83,0.1,60,0,88,0.15384615384615385,58,154.98814750848,60,0.20833333333333334,88,26,64,0.18181818181818182,84,0.23076923076923078,69,0.18445833333333336,90
2026,D,0000007067,*曾奕翔,AKP022,台鋼雄鷹二軍,0.32,25,0.16129032258064516,21,0,64,0,0.2,44,130.57269312384003,55,0,82,0.15999999999999998,28,0.16129032258064516,61,151.09722042624,70,0.45161290322580644,17,31,64,0.48,27,0.23255813953488372,72,0.4439677419354839,21
2026,D,0000006739,李東洺,AEO022,富邦悍將二軍,0.4,9,0.09090909090909091,56,0,64,0,0.1724137931034483,35,132.39967125402947,50,0.21052631578947367,34,0.15000000000000002,30,0,2,166.50002654208,17,0.45454545454545453,16,22,64,0.55,14,0.05714285714285714,4,0.4565454545454546,15
2026,D,0000005285,許峻暘,AKP022,台鋼雄鷹二軍,0.2,72,0.043478260869565216,82,0,64,0,0.3,82,126.36806627174401,72,0,82,0,88,0.043478260869565216,10,148.89517112448,72,0.2608695652173913,78,23,64,0.2,82,0.11764705882352941,15,0.20122727272727275,87
2026,D,0000005572,魏碩成,ACN022,中信兄弟二軍,0.391304347826087,11,0.07692307692307693,63,0,64,0,0.2777777777777778,71,136.87254424166403,29,0.2,36,0.3043478260869565,5,0.15384615384615385,58,164.482198848,28,0.46153846153846156,13,26,64,0.6956521739130435,4,0.20833333333333334,60,0.5244615384615384,6
2026,D,0000006920,陳冠豪,AKP022,台鋼雄鷹二軍,0.36363636363636365,14,0.14814814814814814,24,0,64,0,0.2222222222222222,53,144.79568915328,6,0.3333333333333333,10,0.13636363636363635,33,0.1111111111111111,29,158.81259259008,48,0.48148148148148145,11,27,64,0.5,21,0.175,47,0.4554444444444445,17
2026,D,0000007055,張景淯,AAA022,味全龍二軍,0.21739130434782608,68,0.1724137931034483,15,0,64,0,0.11363636363636363,21,139.66619359724305,17,0.38461538461538464,4,0.1739130434782609,24,0.13793103448275862,45,164.90342854656,23,0.3793103448275862,42,29,64,0.391304347826087,40,0.1891891891891892,51,0.36820689655172417,41
2026,D,0000007276,伍立辰,ACN022,中信兄弟二軍,0.3333333333333333,20,0.125,34,0,64,0,0.22033898305084745,51,137.41732214309647,27,0.23529411764705882,30,0.23809523809523808,10,0.16666666666666666,64,164.52883763712,26,0.4166666666666667,26,24,64,0.5714285714285714,11,0.2631578947368421,79,0.44445833333333334,20
2026,D,0000007294,林易霆,ADD022,統一7-ELEVEn獅二軍,0.16666666666666666,81,0.23076923076923078,7,0,64,0,0.13333333333333333,24,136.375405005312,32,0.2,36,0,88,0.038461538461538464,9,152.97065777664,64,0.4230769230769231,23,26,64,0.16666666666666666,87,0.10810810810810811,14,0.33692307692307694,51
2026,D,0000007606,吳紹遠,ADD022,統一7-ELEVEn獅二軍,0.17391304347826086,79,0.21212121212121213,9,0,64,0,0.11764705882352941,21,126.01707478272002,72,0,82,0.043478260869565216,69,0.24242424242424243,84,130.0932534528,83,0.375,45,33,64,0.21739130434782608,81,0.2727272727272727,80,0.3145625,61
2026,D,0000006881,*鄭展昊,AAA022,味全龍二軍,0.2631578947368421,48,0.23076923076923078,7,0,64,0,0.16666666666666666,34,132.55732407456,49,0.25,27,0,88,0.11538461538461539,31,169.83626102784,9,0.44,19,26,64,0.2631578947368421,72,0.04878048780487805,2,0.36328000000000005,42
2026,D,0000007623,*呂昱廷,ACN022,中信兄弟二軍,0.4117647058823529,7,0.20833333333333334,10,0,64,0,0.25,64,125.86095983155198,74,0.06666666666666667,64,0.05882352941176472,62,0.041666666666666664,9,152.905382784,64,0.5416666666666666,4,24,64,0.47058823529411764,28,0.14285714285714285,29,0.4721666666666666,11
2026,D,0000007047,盧冠宇,AJL022,樂天桃猿二軍,0.3333333333333333,20,0.047619047619047616,78,0,64,0,0.2857142857142857,76,0,92,0,82,0.3888888888888889,1,0.14285714285714285,50,0,92,0.3684210526315789,49,21,64,0.7222222222222222,4,0.1,10,0.509842105263158,7
2026,D,0000006159,*林逸達,AAA022,味全龍二軍,0.23809523809523808,58,0.10714285714285714,46,0,64,0,0.06896551724137931,17,137.803340530944,23,0.1,60,0.047619047619047616,68,0.21428571428571427,79,159.30659682432,47,0.38461538461538464,39,28,64,0.2857142857142857,67,0.2222222222222222,66,0.3368076923076923,52
2026,D,0000002281,*廖乙忠,AKP022,台鋼雄鷹二軍,0.4,9,0.047619047619047616,78,0,64,0,0,9,0,92,0,82,0.04999999999999999,67,0.14285714285714285,50,0,92,0.42857142857142855,21,21,64,0.45,31,0.0967741935483871,9,0.405,28
2026,D,0000006295,銳力獅,ADD022,統一7-ELEVEn獅二軍,0.14814814814814814,85,0.06896551724137931,66,0,64,0,0,9,0,92,0,82,0.07407407407407407,55,0.3448275862068966,94,0,92,0.20689655172413793,89,29,64,0.2222222222222222,80,0.2833333333333333,82,0.20586206896551723,85
2026,D,0000007782,威戈神,AEO022,富邦悍將二軍,0.3684210526315789,13,0.05,75,0,64,0,0,9,0,92,0,82,0.2631578947368421,7,0.15,55,0,92,0.4,34,20,64,0.631578947368421,7,0.1891891891891892,51,0.45885,15
2026,D,0000003620,*江承峰,ADD022,統一7-ELEVEn獅二軍,0.25,53,0,94,0,64,0,0.375,97,128.97231719328,61,0,82,0.09999999999999998,44,0.2727272727272727,87,145.57712222592,77,0.23809523809523808,84,22,64,0.35,53,0.2608695652173913,78,0.2567619047619048,79
2026,D,0000002276,鄭鈞仁,ADD022,統一7-ELEVEn獅二軍,0.2,72,0.047619047619047616,78,0,64,0,0.25,64,133.74829093824,43,0,82,0.2,16,0.23809523809523808,83,148.00868007552,73,0.23809523809523808,84,21,64,0.4,38,0.20512820512820512,58,0.3017142857142857,66
2026,D,0000000938,張瑞麟,AEO022,富邦悍將二軍,0.1111111111111111,90,0.05,75,0,64,0,0,9,0,92,0,82,0.05555555555555555,66,0.2,73,0,92,0.15789473684210525,94,20,64,0.16666666666666666,87,0.07894736842105263,8,0.15710526315789472,92
2026,D,0000007044,*鄭澔,ADD022,統一7-ELEVEn獅二軍,0.13636363636363635,86,0.12,37,0,64,0,0.2857142857142857,76,140.9868340169143,14,0.14285714285714285,48,0,88,0.28,88,157.5727217856,55,0.24,83,25,64,0.13636363636363635,90,0.2765957446808511,81,0.20004000000000002,88
2026,D,0000007613,*林軒宇,AAA022,味全龍二軍,0.25,53,0,94,0,64,0,0,9,137.32263591551998,28,0,82,0.0625,61,0.125,39,143.44263318528,79,0.25,81,16,64,0.3125,60,0.10344827586206896,12,0.254875,79
2026,D,0000007789,麥斯威尼,AJL022,樂天桃猿二軍,0.17647058823529413,78,0.10526315789473684,47,0,64,0,0.30303030303030304,83,131.6533783488,52,0.08333333333333333,63,0,88,0.21052631578947367,78,160.68590119296,43,0.2631578947368421,76,19,64,0.17647058823529413,85,0.13953488372093023,26,0.22389473684210529,84
2026,D,0000004625,吳俊偉,ACN022,中信兄弟二軍,0.11764705882352941,89,0.05555555555555555,71,0,64,0,0.19230769230769232,40,123.99372301536,79,0,82,0,88,0.2222222222222222,80,152.58755343744,65,0.16666666666666666,93,18,64,0.11764705882352941,91,0.32142857142857145,92,0.14372222222222222,94
2026,D,0000002347,*王浩原,AEO022,富邦悍將二軍,0.5,2,0,94,0,64,0,0,9,0,92,0,82,0,88,0.07692307692307693,18,0,92,0.5,8,13,64,0.5,21,0.23809523809523808,74,0.46,13
2026,D,0000000363,陳仕朋,AEO022,富邦悍將二軍,0.0625,93,0,94,0,64,0,0,9,0,92,0,82,0.0625,61,0.25,85,0,92,0.0625,97,16,64,0.125,91,0.22580645161290322,67,0.082375,96
2026,D,0000006555,梅賽鍶,AAA022,味全龍二軍,0.21428571428571427,69,0.06666666666666667,67,0,64,0,0.15789473684210525,31,123.83601717888001,80,0.18181818181818182,41,0.07142857142857142,58,0.13333333333333333,42,161.88130582272,38,0.26666666666666666,75,15,64,0.2857142857142857,67,0.20833333333333334,60,0.2603333333333333,77
2026,D,0000007585,◎陳原維,ACN022,中信兄弟二軍,0.46153846153846156,4,0.17647058823529413,14,0,64,0,0.18604651162790697,38,141.03999524736,13,0.2727272727272727,23,0.3846153846153846,2,0.058823529411764705,14,165.42614347776,21,0.5882352941176471,2,17,64,0.8461538461538461,2,0.3181818181818182,91,0.6368823529411765,2
2026,D,0000007626,*徐磊,ACN022,中信兄弟二軍,0.3125,27,0.28,2,0,64,0,0.1794871794871795,37,131.80403440512,51,0.3333333333333333,10,0.1875,19,0.24,83,160.42208143104,44,0.52,6,25,64,0.5,21,0.2972972972972973,85,0.4711199999999999,12
2026,D,0000007604,*曾偉喆,ADD022,統一7-ELEVEn獅二軍,0.3,35,0.35294117647058826,1,0,64,0,0.17391304347826086,36,140.822457000192,15,0,82,0.10000000000000003,42,0.058823529411764705,14,148.7152947456,72,0.5294117647058824,5,17,64,0.4,38,0.06896551724137931,5,0.4494117647058824,18
2026,D,0000007607,*何宗旂,AAA022,味全龍二軍,0.15384615384615385,84,0.1875,12,0,64,0,0.2916666666666667,80,129.75630509952,60,0,82,0.07692307692307693,54,0.1875,69,147.29281167744,74,0.3125,68,16,64,0.23076923076923078,77,0.3181818181818182,91,0.2799375,72
2026,D,0000006723,張鈞守,AAA022,味全龍二軍,0.13333333333333333,87,0.23809523809523808,6,0,64,0,0.15789473684210525,31,127.87789487616,69,0,82,0.06666666666666668,60,0.2857142857142857,89,133.1199467136,81,0.3333333333333333,60,21,64,0.2,82,0.2903225806451613,84,0.2844285714285714,70
2026,D,0000007311,*吳承翰,AAA022,味全龍二軍,0.3,35,0.09090909090909091,56,0,64,0,0.3076923076923077,85,124.41548782080001,77,0,82,0.10000000000000003,42,0.09090909090909091,23,147.10068819072,75,0.36363636363636365,50,11,64,0.4,38,0.15789473684210525,36,0.35500000000000004,44
2026,D,0000000778,蔡齊哲,ACN022,中信兄弟二軍,0.2222222222222222,66,0.16666666666666666,19,0,64,0,0.3181818181818182,90,129.84153774592,58,0.1111111111111111,58,0.2222222222222222,12,0.08333333333333333,19,161.3720611008,43,0.3333333333333333,60,12,64,0.4444444444444444,32,0.10526315789473684,13,0.3438333333333334,48
2026,D,0000007628,*許承恩,AKP022,台鋼雄鷹二軍,0.4,9,0,94,0,64,0,0,9,0,92,0,82,0,88,0.18181818181818182,68,0,92,0.45454545454545453,16,11,64,0.4,38,0.10344827586206896,12,0.40354545454545454,29
2026,D,0000007062,威能帝,AJL022,樂天桃猿二軍,0.4444444444444444,5,0.18181818181818182,13,0,64,0,0.25,64,116.25336578592,83,0.125,52,0.2222222222222222,12,0.09090909090909091,23,153.35305400448,63,0.5454545454545454,4,11,64,0.6666666666666666,6,0.21739130434782608,65,0.5427272727272728,4
2026,D,0000007787,黎克,ACN022,中信兄弟二軍,0.16666666666666666,81,0,94,0,64,0,0.2857142857142857,76,146.03781706272,4,0.5,2,0,88,0.3333333333333333,93,170.27664192,8,0.16666666666666666,93,12,64,0.16666666666666666,87,0.2857142857142857,83,0.15333333333333335,93
2026,D,0000007581,黃暐傑,AAA022,味全龍二軍,0.2222222222222222,66,0.13636363636363635,32,0,64,0,0.24390243902439024,61,135.65060796672,36,0.25,27,0.05555555555555558,65,0.45454545454545453,98,165.2323140864,21,0.36363636363636365,50,22,64,0.2777777777777778,69,0.3111111111111111,87,0.3217272727272727,58
2026,D,0000003292,賴鴻誠,AEO022,富邦悍將二軍,0.2222222222222222,66,0,94,0,64,0,0.3333333333333333,93,129.80136941376,59,0,82,0,88,0.1111111111111111,29,151.77922822656,69,0.2222222222222222,86,9,64,0.2222222222222222,80,0.05555555555555555,3,0.20444444444444446,85
2026,D,0000007620,*高秉洋,ACN022,中信兄弟二軍,0.3333333333333333,20,0,94,0,64,0,0.4,98,140.6413400469943,15,0.14285714285714285,48,0,88,0.18181818181818182,68,153.361229472,62,0.45454545454545453,16,11,64,0.3333333333333333,56,0.375,96,0.3889090909090909,33
2026,D,0000002695,林子崴,ADD022,統一7-ELEVEn獅二軍,0.1,92,0.09090909090909091,56,0,64,0,0,9,0,92,0,82,0,88,0.2727272727272727,87,0,92,0.18181818181818182,91,11,64,0.1,93,0.13636363636363635,24,0.15154545454545454,94
2026,D,0000000368,游霆崴,AEO022,富邦悍將二軍,0,97,0,94,0,64,0,0,9,0,92,0,82,0,88,0.2,73,0,92,0.1,96,10,64,0,97,0.2,55,0.0759,97
2026,D,0000000998,邱浩鈞,ADD022,統一7-ELEVEn獅二軍,0.3333333333333333,20,0.18181818181818182,13,0,64,0,0,9,0,92,0,82,0.22222222222222227,11,0.18181818181818182,68,0,92,0.45454545454545453,16,11,64,0.5555555555555556,13,0.14285714285714285,29,0.45909090909090916,14
2026,D,0000006729,*陳志杰,AAA022,味全龍二軍,0.6666666666666666,1,0,94,0,64,0,0.25,64,144.99614674285715,5,0.2857142857142857,18,0.33333333333333337,3,0,2,166.93493566464,15,0.5714285714285714,2,7,64,1,0,0,1,0.6394285714285715,2
2026,D,0000006923,*曾品洋,ACN022,中信兄弟二軍,0.25,53,0.14285714285714285,27,0,64,0,0.2777777777777778,71,122.53481531958857,81,0,82,0,88,0.35714285714285715,95,140.96009131776,79,0.35714285714285715,54,14,64,0.25,73,0.42857142857142855,98,0.3038571428571429,66
2026,D,0000001232,江忠城,ACN022,中信兄弟二軍,0.1111111111111111,90,0.1,50,0,64,0,0.25,64,107.71655628096,84,0,82,0,88,0.2,73,129.40167005568,83,0.2,90,10,64,0.1111111111111111,92,0.35714285714285715,95,0.16670000000000001,91
2026,D,0000006922,黃紹睿,AKP022,台鋼雄鷹二軍,0.16666666666666666,81,0.14285714285714285,27,0,64,0,0.2857142857142857,76,124.50277863935999,77,0,82,0,88,0,2,139.18133167488,80,0.2857142857142857,72,7,64,0.16666666666666666,87,0.2,55,0.23814285714285716,81
2026,D,0000007584,◎陳聖凱,ACN022,中信兄弟二軍,0.125,89,0.1111111111111111,41,0,64,0,0.2857142857142857,76,130.25709540096,57,0.16666666666666666,43,0.125,35,0.2222222222222222,80,161.48691998208,40,0.2222222222222222,86,9,64,0.25,73,0.15384615384615385,34,0.22944444444444445,83
2026,D,0000007778,喬登,ADD022,統一7-ELEVEn獅二軍,0.2,72,0.16666666666666666,19,0,64,0,0,9,0,92,0,82,0.09999999999999998,44,0.3333333333333333,93,0,92,0.3333333333333333,60,12,64,0.3,62,0.19230769230769232,53,0.311,64
2026,D,0000006954,*李家明,AJL022,樂天桃猿二軍,0.14285714285714285,85,0,94,0,64,0,0,9,0,92,0,82,0,88,0.14285714285714285,50,0,92,0.14285714285714285,95,7,64,0.14285714285714285,89,0.2727272727272727,80,0.13142857142857142,95
2026,D,0000006215,趙璟榮,AAA022,味全龍二軍,0.4444444444444444,5,0.1,50,0,64,0,0.14285714285714285,27,129.31960960512,60,0,82,0.11111111111111116,38,0.4,97,129.31960960512,84,0.5,8,10,64,0.5555555555555556,13,0.5333333333333333,99,0.48250000000000004,9
2026,D,0000006859,*洪敏暘,AJL022,樂天桃猿二軍,0.4,9,0.16666666666666666,19,0,64,0,0.3,82,141.15037210559998,13,0,82,0.4,0,0,2,151.04245444992,70,0.5,8,6,64,0.8,2,0,1,0.5638333333333333,3
2026,D,0000006875,陳柏均,ACN022,中信兄弟二軍,0.3333333333333333,20,0.14285714285714285,27,0,64,0,0.3888888888888889,98,137.05082093260802,28,0,82,0.3333333333333333,4,0.14285714285714285,50,147.32995533696,74,0.42857142857142855,21,7,64,0.6666666666666666,6,0.3125,88,0.4827142857142857,9
2026,D,0000006878,吳君奕,AAA022,味全龍二軍,0,97,0.14285714285714285,27,0,64,0,0.21428571428571427,49,125.97433060608,73,0,82,0,88,0.2857142857142857,89,146.15638950528,76,0.14285714285714285,95,7,64,0,97,0.3,85,0.10671428571428572,96
2026,D,0000005482,吳承諭,ADD022,統一7-ELEVEn獅二軍,0,97,0,94,0,64,0,0.1111111111111111,19,135.65247480576,36,0.25,27,0,88,0,2,156.57663441024,57,0,99,4,64,0,97,0.3333333333333333,93,0,99
2026,D,0000007292,李軍,ADD022,統一7-ELEVEn獅二軍,0,97,0.3076923076923077,2,0,64,0,0.16666666666666666,34,149.291198496,2,0,82,0,88,0.38461538461538464,96,149.291198496,71,0.3076923076923077,69,13,64,0,97,0.375,96,0.22984615384615384,82
2026,D,0000002303,黃竣彥,ADD022,統一7-ELEVEn獅二軍,0.3333333333333333,20,0,94,0,64,0,0,9,0,92,0,82,0,88,0,2,0,92,0.3333333333333333,60,3,64,0.3333333333333333,56,0.16666666666666666,41,0.3066666666666667,64
2026,D,0000007296,*黃英奇,AEO022,富邦悍將二軍,0.25,53,0.2,11,0,64,0,0.2222222222222222,53,140.14258748160003,16,0.3333333333333333,10,0,88,0.2,73,166.60136693376,17,0.4,34,5,64,0.25,73,0.14285714285714285,29,0.33340000000000003,54
2026,D,0000000128,朱承洋,AJL022,樂天桃猿二軍,0,97,0,94,0,64,0,0.25,64,132.76638188352,47,0,82,0,88,0.3333333333333333,93,152.38110678912,68,0,99,3,64,0,97,0.16666666666666666,41,0,99
2026,D,0000007596,*高慶麟,AEO022,富邦悍將二軍,0,97,0.25,5,0,64,0,0,9,0,92,0,82,0,88,0.375,96,0,92,0.375,45,8,64,0,97,0.4166666666666667,98,0.281625,72
2026,D,0000007625,*陳英睿,ACN022,中信兄弟二軍,0,97,0,94,0,64,0,0,9,161.86875293952,0,1,0,0,88,0.6666666666666666,99,161.86875293952,39,0,99,3,64,0,97,0.25,76,0,99
2026,D,0000002272,賴智垣,AKP022,台鋼雄鷹二軍,0,97,0.25,5,0,64,0,0.14285714285714285,27,131.40499756032,53,0,82,0,88,0.5,98,131.40499756032,82,0.25,81,4,64,0,97,0.4,97,0.18675,89
2026,D,0000007074,曾家輝,AJL022,樂天桃猿二軍,0,97,0,94,0,64,0,0,9,144.83555260416,6,0,82,0,88,0.6666666666666666,99,144.83555260416,77,0,99,3,64,0,97,0.8,99,0,99
2026,D,0000007599,*陳定均,ADD022,統一7-ELEVEn獅二軍,0,97,1,0,0,64,0,0,9,0,92,0,82,0,88,0,2,0,92,1,0,3,64,0,97,0.3333333333333333,93,0.747,0
